rank	motif_DB	motif_ID	motif_alt_ID	consensus	p.value	adj_p.value	E.value	tests	FASTA_max	pos	neg	PWM_min	TP	X.TP	FP	X.FP
1	db/CIS-BP_2.00/Homo_sapiens.meme	M07605_2.00	ZNF235	THWTHYWTTWHATYTTTTTYTTTWTTTTTT	3.8099999999999993e-63	1.97e-60	2.1e-57	518	63	63	1008	52.9	56	88.89	30	2.98
2	db/CIS-BP_2.00/Homo_sapiens.meme	M07659_2.00	ZNF443	GTCTKCYMAGWHGCTGGYRTT	1.9499999999999998e-60	4.11e-58	4.3799999999999994e-55	211	63	63	1008	29.5	44	69.84	2	0.2
3	db/CIS-BP_2.00/Homo_sapiens.meme	M07590_2.00	ZNF287	TYTYTBTYTTYYWTBTYTKTTWTTTTTTYTTTT	7.14e-60	2.9599999999999997e-57	3.1499999999999994e-54	415	63	63	1008	629	45	71.43	4	0.4
4	db/CIS-BP_2.00/Homo_sapiens.meme	M07609_2.00	ZNF496	ATYRYGCCACTGCACTCCAGCCTGGGCRAC	2.3000000000000002e-58	1.0099999999999999e-56	1.08e-53	44	63	63	1008	7650	41	65.08	0	0
5	db/CIS-BP_2.00/Homo_sapiens.meme	M08277_2.00	PRDM6	TTTTYYTBTTTTTTYHYTTYY	2.07e-58	1.5199999999999997e-55	1.62e-52	735	63	63	1008	88.8	42	66.67	1	0.1
6	db/CIS-BP_2.00/Homo_sapiens.meme	M07782_2.00	ZNF487	CMAAWAAAAAWRAAAWAAHAAGCAVAVMA	1.2499999999999999e-57	2.3999999999999996e-55	2.55e-52	191	63	63	1008	20.2	49	77.78	16	1.59
7	db/CIS-BP_2.00/Homo_sapiens.meme	M08325_2.00	ZNF22	TTTTTTTTT	6.559999999999999e-56	3.85e-53	4.1e-50	586	63	63	1008	50.3	42	66.67	3	0.3
8	db/CIS-BP_2.00/Homo_sapiens.meme	M07730_2.00	ZNF181	MYYYSWGSTTSTWGGRMKGMKGWS	4.429999999999999e-55	1.72e-52	1.83e-49	388	63	63	1008	151	39	61.9	0	0
9	db/CIS-BP_2.00/Homo_sapiens.meme	M08090_2.00	ZNF384	TTTTTTTTKWNN	3.15e-53	2.31e-50	2.4599999999999997e-47	734	63	63	1008	20.7	41	65.08	4	0.4
10	db/CIS-BP_2.00/Homo_sapiens.meme	M07658_2.00	ZNF571	CCGCCGCVGCCKCCS	4.75e-51	1.44e-48	1.53e-45	302	63	63	1008	55.1	39	61.9	3	0.3
11	db/CIS-BP_2.00/Homo_sapiens.meme	M07597_2.00	ZNF182	CYTTTTKTTTTT	5.91e-50	4.5e-47	4.8e-44	762	63	63	1008	17.3	44	69.84	15	1.49
12	db/CIS-BP_2.00/Homo_sapiens.meme	M07776_2.00	ZNF225	TTACCWKTTDRATTYYTTTYTTTTTYYT	9.49e-45	2.7999999999999997e-42	2.98e-39	295	63	63	1008	41.7	41	65.08	16	1.59
13	db/CIS-BP_2.00/Homo_sapiens.meme	M08388_2.00	ZNF770	YCYCRGCCTCC	9.379999999999999e-43	6.299999999999999e-40	6.709999999999999e-37	672	63	63	1008	12.5	41	65.08	20	1.98
14	db/CIS-BP_2.00/Homo_sapiens.meme	M07646_2.00	ZNF613	MTTTTTTTT	2.6899999999999998e-42	2.01e-39	2.14e-36	748	63	63	1008	8.19	43	68.25	28	2.78
15	db/CIS-BP_2.00/Homo_sapiens.meme	M08373_2.00	ZNF774	NYCYCHKBCTCYTCYTCY	5.49e-38	5.02e-35	5.34e-32	913	63	63	1008	9.29	50	79.37	81	8.04
16	db/CIS-BP_2.00/Homo_sapiens.meme	M08380_2.00	ZNF98	BTKCCTTTTTBTTGTCYTTDY	9.959999999999999e-37	6.19e-34	6.59e-31	621	63	63	1008	19.2	38	60.32	24	2.38
17	db/CIS-BP_2.00/Homo_sapiens.meme	M07766_2.00	ZNF879	DGCTSTRKTGTTWGGTGCATWTATRTTTAHWATTGTTAT	1.7399999999999998e-32	1.4599999999999999e-30	1.5500000000000001e-27	84	63	63	1008	3.44	34	53.97	21	2.08
18	db/CIS-BP_2.00/Homo_sapiens.meme	M07642_2.00	ZNF519	CSGCBGCMGCCGCCC	1.8399999999999998e-31	6.34e-29	6.75e-26	345	63	63	1008	5.82	46	73.02	87	8.63
19	db/CIS-BP_2.00/Homo_sapiens.meme	M08378_2.00	ZFP28	KKNYYHHNTATKATYTCYWTTTCYTCWGDTGTC	2.2799999999999997e-31	1.23e-28	1.31e-25	539	63	63	1008	4.81	47	74.6	95	9.42
20	db/CIS-BP_2.00/Homo_sapiens.meme	M07765_2.00	ZNF492	CCTTTTTRKTGYTCTTKT	9.63e-31	5e-28	5.32e-25	519	63	63	1008	11.5	37	58.73	38	3.77
21	db/CIS-BP_2.00/Homo_sapiens.meme	M07773_2.00	ZNF432	TTYCYCYCCCYYBCCBYCYCCHTYCCTCTC	1.1700000000000001e-29	6.71e-27	7.14e-24	575	63	63	1008	37.9	37	58.73	42	4.17
22	db/CIS-BP_2.00/Homo_sapiens.meme	M08260_2.00	ZNF467	YCYCYCYCCCYBCCCCTCCCC	1.0900000000000001e-29	7.580000000000001e-27	8.07e-24	695	63	63	1008	15.9	50	79.37	132	13.1
23	db/CIS-BP_2.00/Homo_sapiens.meme	M07764_2.00	ZNF880	CTGCWCTCTCCCYYYCCCMHYYHNCHN	8.63e-29	5.92e-26	6.31e-23	686	63	63	1008	29.6	35	55.56	36	3.57
24	db/CIS-BP_2.00/Homo_sapiens.meme	M08377_2.00	ZSCAN16	RTRTRTRTATRTRTRTATATATAT	1.92e-26	7.85e-25	8.360000000000001e-22	41	63	63	1008	1.34	26	41.27	11	1.09
25	db/CIS-BP_2.00/Homo_sapiens.meme	M07733_2.00	ZNF823	YYYTTCTCTBTYKCY	5.79e-26	4.9199999999999993e-23	5.24e-20	850	63	63	1008	8.29	32	50.79	33	3.27
26	db/CIS-BP_2.00/Homo_sapiens.meme	M08395_2.00	ZNF260	GCYBYNTHSYHYTCC	2.07e-25	1.74e-22	1.86e-19	841	63	63	1008	3.81	37	58.73	61	6.05
27	db/CIS-BP_2.00/Homo_sapiens.meme	M07635_2.00	ZNF570	DWRTTTTCTTKTAHKWTRTYT	8.01e-25	3.3700000000000003e-22	3.58e-19	420	63	63	1008	3.19	44	69.84	115	11.41
28	db/CIS-BP_2.00/Homo_sapiens.meme	M08384_2.00	ZNF121	VCDGGVCMRVRYAGCVAGRCCCCN	3.04e-24	1.4800000000000002e-21	1.58e-18	487	63	63	1008	21.8	31	49.21	35	3.47
29	db/CIS-BP_2.00/Homo_sapiens.meme	M07692_2.00	ZNF567	CATCTSWKKGTCTDYTTBTRTWKWBTKTTT	1.78e-22	6.83e-20	7.28e-17	384	63	63	1008	4.92	33	52.38	53	5.26
30	db/CIS-BP_2.00/Homo_sapiens.meme	M07678_2.00	ZNF529	YYNSSYHCYTCVTCCCSCTYCCCMCSC	2.63e-22	9.38e-20	9.9900000000000006e-17	357	63	63	1008	14.8	37	58.73	79	7.84
31	db/CIS-BP_2.00/Homo_sapiens.meme	M07727_2.00	ZNF460	CGCCRCCTCCCC	5.07e-22	2.17e-19	2.31e-16	428	63	63	1008	2.45	50	79.37	203	20.14
32	db/CIS-BP_2.00/Homo_sapiens.meme	M08339_2.00	ZNF524	CTCGAACCCNKGMCC	3.08e-21	7.36e-19	7.84e-16	239	63	63	1008	1.02	48	76.19	188	18.65
33	db/CIS-BP_2.00/Homo_sapiens.meme	M07625_2.00	ZNF212	TCTCTCTCTCTCTCTCTCTCTCTCTCTCTC	4.66e-20	9.79e-19	1.04e-15	21	63	63	1008	10.2	16	25.4	1	0.1
34	db/CIS-BP_2.00/Homo_sapiens.meme	M04857_2.00	FOXR2	AYATAWACATAAATRHW	2.26e-20	4.65e-18	4.95e-15	206	63	63	1008	1.04	44	69.84	154	15.28
35	db/CIS-BP_2.00/Homo_sapiens.meme	M08340_2.00	ZBTB26	CGCGCRCRCGCRCGCRCRCRC	1.22e-19	1.01e-17	1.08e-14	83	63	63	1008	1.1	30	47.62	51	5.06
36	db/CIS-BP_2.00/Homo_sapiens.meme	M08142_2.00	IRF1	AAANNGAAAGTGAAASYRRRN	9.12e-20	4.12e-17	4.39e-14	452	63	63	1008	3.01	41	65.08	131	13
37	db/CIS-BP_2.00/Homo_sapiens.meme	M07647_2.00	ZNF135	TCGACCTCC	2.9e-19	9.71e-17	1.03e-13	335	63	63	1008	2.54	31	49.21	59	5.85
38	db/CIS-BP_2.00/Homo_sapiens.meme	M08323_2.00	KLF15	CCCCBSCYCCGCCCC	9.03e-19	5.27e-16	5.61e-13	583	63	63	1008	16	31	49.21	62	6.15
39	db/CIS-BP_2.00/Homo_sapiens.meme	M07712_2.00	ZNF418	RMHWTTTWWTMWTNWAADAAAANWWTTVCW	1.78e-18	6.19e-16	6.59e-13	347	63	63	1008	1.82	48	76.19	221	21.92
40	db/CIS-BP_2.00/Homo_sapiens.meme	M04575_2.00	ZNF713	BTTTCYWGTCTTTTTTCTD	8.02e-18	1.36e-15	1.45e-12	170	63	63	1008	1.93	33	52.38	82	8.13
41	db/CIS-BP_2.00/Homo_sapiens.meme	M07662_2.00	HKR1	VYBVYSTCCTCCCYNGYSCMB	3.32e-18	2.23e-15	2.37e-12	671	63	63	1008	2.8	51	80.95	265	26.29
42	db/CIS-BP_2.00/Homo_sapiens.meme	M08296_2.00	SP4	YHRGCYCCGCCCCCY	6.28e-18	3.87e-15	4.12e-12	617	63	63	1008	2.5	51	80.95	269	26.69
43	db/CIS-BP_2.00/Homo_sapiens.meme	M07612_2.00	ZNF202	CCKCSTCC	1.09e-17	4.96e-15	5.28e-12	456	63	63	1008	3.48	33	52.38	83	8.23
44	db/CIS-BP_2.00/Homo_sapiens.meme	M07573_2.00	ZNF85	AAAVTGCWGGAATCTSND	1.5e-17	8.88e-15	9.46e-12	594	63	63	1008	3.45	31	49.21	70	6.94
45	db/CIS-BP_2.00/Homo_sapiens.meme	M08261_2.00	ZSCAN22	CCTCCTCCMTCWGAC	2.53e-17	1.27e-14	1.35e-11	501	63	63	1008	1.66	52	82.54	293	29.07
46	db/CIS-BP_2.00/Homo_sapiens.meme	M07694_2.00	ZNF527	TYTCTGTYKCTKGCMMCCHNN	1.02e-16	6.34e-14	6.75e-11	622	63	63	1008	3.53	37	58.73	124	12.3
47	db/CIS-BP_2.00/Homo_sapiens.meme	M07720_2.00	ZNF785	TSTGTGTKTGKGBRTSTGTRTGTVYVWGT	2.63e-15	1.13e-13	1.2e-10	43	63	63	1008	5.5	15	23.81	6	0.6
48	db/CIS-BP_2.00/Homo_sapiens.meme	M07716_2.00	ZNF398	CTSYYTCCCTCCCT	1.88e-16	1.28e-13	1.36e-10	680	63	63	1008	3.5	46	73.02	223	22.12
49	db/CIS-BP_2.00/Homo_sapiens.meme	M07717_2.00	ZNF441	RRCTCCGCCYCC	3.86e-16	1.32e-13	1.41e-10	343	63	63	1008	1.56	44	69.84	203	20.14
50	db/CIS-BP_2.00/Homo_sapiens.meme	M08342_2.00	ZNF596	KCTCKGBCTCYYYCY	2.54e-16	1.38e-13	1.47e-10	544	63	63	1008	3.12	42	66.67	178	17.66
51	db/CIS-BP_2.00/Homo_sapiens.meme	M07610_2.00	PRDM9	SYTBYTDYBBCCYCCSTNVCCNCC	2.41e-16	1.47e-13	1.56e-10	609	63	63	1008	1.89	57	90.48	397	39.38
52	db/CIS-BP_2.00/Homo_sapiens.meme	M04455_2.00	KLF2	NRCCMCRCCCH	2.72e-16	1.54e-13	1.64e-10	566	63	63	1008	1.9	47	74.6	238	23.61
53	db/CIS-BP_2.00/Homo_sapiens.meme	M04637_2.00	ZNF580	CCTACCCTYDCCTACCCY	3.57e-16	1.76e-13	1.88e-10	493	63	63	1008	3.08	43	68.25	191	18.95
54	db/CIS-BP_2.00/Homo_sapiens.meme	M08310_2.00	ZNF341	GCTSTTCCYBCYBCYSCCCBS	1.18e-15	8.26e-13	8.8e-10	702	63	63	1008	8.18	37	58.73	135	13.39
55	db/CIS-BP_2.00/Homo_sapiens.meme	M07927_2.00	EGR1	CCSCSCYBCCGCCCMCGCVS	3.14e-15	9.48e-13	1.01e-9	302	63	63	1008	19.9	21	33.33	27	2.68
56	db/CIS-BP_2.00/Homo_sapiens.meme	M07588_2.00	ZNF132	TCCTTCCCHCYBTCC	1.46e-15	1.02e-12	1.08e-9	699	63	63	1008	6.09	37	58.73	136	13.49
57	db/CIS-BP_2.00/Homo_sapiens.meme	M08299_2.00	KLF12	CCNGGCCMCGCCCCB	2.91e-15	1.27e-12	1.36e-9	437	63	63	1008	1.75	48	76.19	267	26.49
58	db/CIS-BP_2.00/Homo_sapiens.meme	M08293_2.00	KLF1	SCMSGGCCMCRCCCH	3.89e-15	2.08e-12	2.21e-9	534	63	63	1008	2.18	48	76.19	269	26.69
59	db/CIS-BP_2.00/Homo_sapiens.meme	M07684_2.00	ZNF197	YYTBYTYYTGWCYTT	3.05e-15	2.86e-12	3.05e-9	937	63	63	1008	2.16	56	88.89	398	39.48
60	db/CIS-BP_2.00/Homo_sapiens.meme	M07595_2.00	RBAK	GSYYBYTYCTYYCSC	5.39e-15	4.59e-12	4.89e-9	851	63	63	1008	4.99	31	49.21	90	8.93
61	db/CIS-BP_2.00/Homo_sapiens.meme	M07614_2.00	ZNF180	CCSCASBCCCCDCCCSBCCCY	1.16e-14	5.4e-12	5.75e-9	467	63	63	1008	96.9	20	31.75	25	2.48
62	db/CIS-BP_2.00/Homo_sapiens.meme	M08279_2.00	ZNF37A	YYYCYYTCC	6.5e-15	6.14e-12	6.54e-9	945	63	63	1008	3.23	40	63.49	174	17.26
63	db/CIS-BP_2.00/Homo_sapiens.meme	M07587_2.00	ZNF304	CCCCCKCCCCRVTCSRGCCYYSNS	2.66e-14	1.15e-11	1.22e-8	431	63	63	1008	1.84	46	73.02	255	25.3
64	db/CIS-BP_2.00/Homo_sapiens.meme	M07715_2.00	ZNF100	CVGCCGCCGCCDYGG	6.18e-14	1.4e-11	1.49e-8	227	63	63	1008	1.02	40	63.49	187	18.55
65	db/CIS-BP_2.00/Homo_sapiens.meme	M07736_2.00	ZNF84	YTKCCTGTTCHYDCYNYTYYC	2.84e-14	1.92e-11	2.04e-8	675	63	63	1008	1.48	56	88.89	417	41.37
66	db/CIS-BP_2.00/Homo_sapiens.meme	M05827_2.00	XPA	GTGTGAGGTGB	3.45e-14	1.99e-11	2.12e-8	577	63	63	1008	1.42	51	80.95	330	32.74
67	db/CIS-BP_2.00/Homo_sapiens.meme	M07939_2.00	E2F6	NRGGCGGGARV	5.6e-14	2.68e-11	2.86e-8	479	63	63	1008	1.12	54	85.71	385	38.19
68	db/CIS-BP_2.00/Homo_sapiens.meme	M08100_2.00	(ZFX)_(Mus_musculus)_(DBD_0.99)	SSSGSCBVGGCCTS	5.14e-14	3.03e-11	3.22e-8	589	63	63	1008	3.15	43	68.25	221	21.92
69	db/CIS-BP_2.00/Homo_sapiens.meme	M02809_2.00	HES5	YGRCACGTGCCR	4.7e-13	4.56e-11	4.86e-8	97	63	63	1008	1.74	21	33.33	38	3.77
70	db/CIS-BP_2.00/Homo_sapiens.meme	M04418_2.00	KLF3	GRCCRCGCCCH	2.04e-13	6.92e-11	7.37e-8	340	63	63	1008	2.44	31	49.21	105	10.42
71	db/CIS-BP_2.00/Homo_sapiens.meme	M08387_2.00	ZBTB14	SCGCGCSCC	5.33e-13	8.15e-11	8.68e-8	153	63	63	1008	3.81	20	31.75	33	3.27
72	db/CIS-BP_2.00/Homo_sapiens.meme	M07729_2.00	ZNF780A	CCHRRCYRCCTGCCWRAHCCNSCB	4.04e-13	2.56e-10	2.72e-7	632	63	63	1008	2.25	50	79.37	334	33.13
73	db/CIS-BP_2.00/Homo_sapiens.meme	M07697_2.00	ZNF79	TTAGAKATTMWTTTCTTT	8.29e-13	3.56e-10	3.79e-7	429	63	63	1008	1.14	50	79.37	340	33.73
74	db/CIS-BP_2.00/Homo_sapiens.meme	M07938_2.00	E2F1	VRRVRGVGCGCGCRS	1.63e-12	4.51e-10	4.8e-7	277	63	63	1008	15.8	13	20.63	7	0.69
75	db/CIS-BP_2.00/Homo_sapiens.meme	M03343_2.00	MEF2D	DCTAWAAATAGM	3.63e-12	8.61e-10	9.17e-7	237	63	63	1008	1.03	38	60.32	190	18.85
76	db/CIS-BP_2.00/Homo_sapiens.meme	M07778_2.00	ZNF224	TWYMMYYHGRDKCCAYWTGAYTYMMTKVGMTHMARY	3.92e-12	9.14e-10	9.73e-7	233	63	63	1008	1.32	35	55.56	158	15.67
77	db/CIS-BP_2.00/Homo_sapiens.meme	M08096_2.00	SP1	GCCCCKCCCCY	1.73e-12	1.22e-9	1.3e-6	708	63	63	1008	3.34	45	71.43	272	26.98
78	db/CIS-BP_2.00/Homo_sapiens.meme	M07734_2.00	ZNF311	GVMGCHGCAGCNSCKGSYGCS	9.54e-12	2.4e-9	2.56e-6	252	63	63	1008	47	13	20.63	9	0.89
79	db/CIS-BP_2.00/Homo_sapiens.meme	M07562_2.00	ZKSCAN2	RRAAAAAAC	3.67e-12	2.88e-9	3.07e-6	786	63	63	1008	1.87	32	50.79	128	12.7
80	db/CIS-BP_2.00/Homo_sapiens.meme	M04400_2.00	KLF6	NRCCACGCCCH	6.7e-12	3e-9	3.19e-6	447	63	63	1008	1.01	52	82.54	392	38.89
81	db/CIS-BP_2.00/Homo_sapiens.meme	M02665_2.00	RREB1	CCCCMAAMCAMCCMCMMMCV	1.24e-11	4.38e-9	4.66e-6	353	63	63	1008	2.46	35	55.56	165	16.37
82	db/CIS-BP_2.00/Homo_sapiens.meme	M07689_2.00	ZNF383	RCCCAGGCYCCTTCCMYCTTGTKGCTC	1.25e-11	4.71e-9	5.01e-6	377	63	63	1008	2.35	39	61.9	210	20.83
83	db/CIS-BP_2.00/Homo_sapiens.meme	M00152_2.00	(ZBTB3)_(Mus_musculus)_(DBD_1.00)	CRCTGCANN	6.87e-12	5.13e-9	5.46e-6	746	63	63	1008	1.41	36	57.14	172	17.06
84	db/CIS-BP_2.00/Homo_sapiens.meme	M07619_2.00	ZNF283	VGSCCVGSCCMSAYCAGCCNRSCC	1.28e-11	6.18e-9	6.58e-6	484	63	63	1008	1.08	53	84.13	416	41.27
85	db/CIS-BP_2.00/Homo_sapiens.meme	M00285_2.00	VSX2	WATWTATTWHNN	1.6e-11	6.61e-9	7.04e-6	412	63	63	1008	1.33	38	60.32	200	19.84
86	db/CIS-BP_2.00/Homo_sapiens.meme	M04537_2.00	KLF13	NRCCACGCCCMCH	1.62e-11	7.7e-9	8.2e-6	476	63	63	1008	1.26	49	77.78	350	34.72
87	db/CIS-BP_2.00/Homo_sapiens.meme	M07621_2.00	ZNF30	CAGCCGCCCCGTCCG	4.72e-11	8.44e-9	8.99e-6	179	63	63	1008	1.32	30	47.62	123	12.2
88	db/CIS-BP_2.00/Homo_sapiens.meme	M07581_2.00	ZNF484	BYSCYTGTKCYBCWBTCCYYB	1.14e-11	8.78e-9	9.35e-6	769	63	63	1008	2.27	52	82.54	397	39.38
89	db/CIS-BP_2.00/Homo_sapiens.meme	M05607_2.00	RARA	RRGGTCANRRGGTCAN	1.78e-11	1.06e-8	1.13e-5	596	63	63	1008	1.81	42	66.67	250	24.8
90	db/CIS-BP_2.00/Homo_sapiens.meme	M07592_2.00	ZFP14	CVYTCCDGDGCCTCC	1.98e-11	1.23e-8	1.31e-5	620	63	63	1008	1.38	54	85.71	439	43.55
91	db/CIS-BP_2.00/Homo_sapiens.meme	M08284_2.00	ZNF213	CGCCGCCYGVKKTCK	4.8e-11	1.28e-8	1.36e-5	266	63	63	1008	2.05	28	44.44	105	10.42
92	db/CIS-BP_2.00/Homo_sapiens.meme	M03581_2.00	CPEB1	AATAAAAR	2.34e-11	1.39e-8	1.48e-5	592	63	63	1008	1.63	44	69.84	279	27.68
93	db/CIS-BP_2.00/Homo_sapiens.meme	M04997_2.00	PITX3	HTAATCCV	3.52e-11	1.42e-8	1.51e-5	402	63	63	1008	1.58	23	36.51	64	6.35
94	db/CIS-BP_2.00/Homo_sapiens.meme	M07979_2.00	MEF2A	NDKCYAAAAATAGMH	3.18e-11	1.62e-8	1.72e-5	509	63	63	1008	1.32	47	74.6	325	32.24
95	db/CIS-BP_2.00/Homo_sapiens.meme	M08287_2.00	PATZ1	CCCCDCCC	2.64e-11	1.92e-8	2.05e-5	727	63	63	1008	3.02	44	69.84	280	27.78
96	db/CIS-BP_2.00/Homo_sapiens.meme	M07671_2.00	ZNF93	DNNNSCKGBSYTGCAGCARBSNCTGCTGCTDCCHBNNBB	5.46e-11	2.32e-8	2.47e-5	425	63	63	1008	2.86	37	58.73	197	19.54
97	db/CIS-BP_2.00/Homo_sapiens.meme	M05022_2.00	OTX1	NTAATCCB	1.25e-10	2.66e-8	2.84e-5	213	63	63	1008	1.3	19	30.16	42	4.17
98	db/CIS-BP_2.00/Homo_sapiens.meme	M04558_2.00	SP3	NRCCACGCCCMCH	6.97e-11	2.8e-8	2.99e-5	402	63	63	1008	1.77	40	63.49	235	23.31
99	db/CIS-BP_2.00/Homo_sapiens.meme	M08246_2.00	KLF10	GCCMCRCCCH	4.81e-11	2.91e-8	3.1e-5	606	63	63	1008	2.1	44	69.84	285	28.27
100	db/CIS-BP_2.00/Homo_sapiens.meme	M03042_2.00	FOXD2	DRTMAATATTWDYD	1.05e-10	3.74e-8	3.98e-5	356	63	63	1008	1.02	45	71.43	306	30.36
101	db/CIS-BP_2.00/Homo_sapiens.meme	M07602_2.00	ZNF18	RGTGTGAACNSGNKN	7.37e-11	3.98e-8	4.24e-5	540	63	63	1008	1.58	39	61.9	223	22.12
102	db/CIS-BP_2.00/Homo_sapiens.meme	M00161_2.00	(FOXJ1)_(Mus_musculus)_(DBD_1.00)	NRTAAACAAANN	6.22e-11	4.01e-8	4.27e-5	644	63	63	1008	1.59	46	73.02	316	31.35
103	db/CIS-BP_2.00/Homo_sapiens.meme	M07745_2.00	ZNF480	HMCWCATTCCYH	4.9e-11	4.36e-8	4.65e-5	891	63	63	1008	2.75	29	46.03	114	11.31
104	db/CIS-BP_2.00/Homo_sapiens.meme	M04645_2.00	SP9	RCCACGCCCMCY	9.72e-11	5.04e-8	5.37e-5	519	63	63	1008	1.46	46	73.02	320	31.75
105	db/CIS-BP_2.00/Homo_sapiens.meme	M07754_2.00	ZNF468	CRCCCCCTCCCH	1.22e-10	6.79e-8	7.24e-5	557	63	63	1008	2.54	44	69.84	293	29.07
106	db/CIS-BP_2.00/Homo_sapiens.meme	M05383_2.00	DMBX1	NTAATCCB	5.8e-10	6.84e-8	7.29e-5	118	63	63	1008	1.26	10	15.87	5	0.5
107	db/CIS-BP_2.00/Homo_sapiens.meme	M07731_2.00	ZNF44	NTTCYCHRCAGCARBANCNNBSVSBNCBNN	1.64e-10	6.88e-8	7.33e-5	419	63	63	1008	1.3	45	71.43	310	30.75
108	db/CIS-BP_2.00/Homo_sapiens.meme	M02487_2.00	(HMG20B)_(Mus_musculus)_(DBD_0.94)	NWATTATWTWN	2.54e-10	7.19e-8	7.65e-5	283	63	63	1008	1.34	34	53.97	174	17.26
109	db/CIS-BP_2.00/Homo_sapiens.meme	M08321_2.00	ZNF281	BBCCCCTCCCCC	1.22e-10	7.21e-8	7.68e-5	591	63	63	1008	3.34	44	69.84	293	29.07
110	db/CIS-BP_2.00/Homo_sapiens.meme	M05132_2.00	RHOXF2	YTAATCCH	1.75e-10	7.27e-8	7.74e-5	416	63	63	1008	1.65	21	33.33	56	5.56
111	db/CIS-BP_2.00/Homo_sapiens.meme	M07691_2.00	ZNF548	CCTGCHGSCRCCBYGVYCYBG	1.72e-10	8.13e-8	8.65e-5	473	63	63	1008	1.86	43	68.25	282	27.98
112	db/CIS-BP_2.00/Homo_sapiens.meme	M05799_2.00	TBX2	VYSACACSHN	4.37e-10	1.03e-7	1.09e-4	235	63	63	1008	1.02	35	55.56	189	18.75
113	db/CIS-BP_2.00/Homo_sapiens.meme	M08088_2.00	KLF9	NSCCACACCCACH	2.03e-10	1.08e-7	1.15e-4	533	63	63	1008	1.43	47	74.6	342	33.93
114	db/CIS-BP_2.00/Homo_sapiens.meme	M00164_2.00	(FOXS1)_(Mus_musculus)_(DBD_0.79)	WNNRTAAAYA	2.35e-10	1.17e-7	1.24e-4	496	63	63	1008	1.29	39	61.9	232	23.02
115	db/CIS-BP_2.00/Homo_sapiens.meme	M00779_2.00	(KLF8)_(Mus_musculus)_(DBD_1.00)	NMCMCRCCCN	1.87e-10	1.25e-7	1.33e-4	665	63	63	1008	1.35	46	73.02	326	32.34
116	db/CIS-BP_2.00/Homo_sapiens.meme	M05801_2.00	TBX3	DAGGTGTSAN	3.97e-10	1.28e-7	1.37e-4	323	63	63	1008	1.04	40	63.49	249	24.7
117	db/CIS-BP_2.00/Homo_sapiens.meme	M03682_2.00	(SP5)_(Drosophila_melanogaster)_(DBD_0.94)	MBGCCACGCCCAGT	7.52e-10	1.5e-7	1.6e-4	200	63	63	1008	1.77	25	39.68	93	9.23
118	db/CIS-BP_2.00/Homo_sapiens.meme	M03552_2.00	TBX5	AGGTGTKA	2.93e-10	1.78e-7	1.9e-4	608	63	63	1008	1.4	34	53.97	175	17.36
119	db/CIS-BP_2.00/Homo_sapiens.meme	M08290_2.00	MAZ	SCCCCKCCC	3.19e-10	2.09e-7	2.22e-4	654	63	63	1008	1.93	50	79.37	395	39.19
120	db/CIS-BP_2.00/Homo_sapiens.meme	M04517_2.00	SP8	RCCACGCCCMCH	5.05e-10	2.28e-7	2.42e-4	451	63	63	1008	1.65	40	63.49	251	24.9
121	db/CIS-BP_2.00/Homo_sapiens.meme	M08349_2.00	EGR3	CKCCCCCDC	4.88e-10	2.73e-7	2.91e-4	560	63	63	1008	1.58	46	73.02	335	33.23
122	db/CIS-BP_2.00/Homo_sapiens.meme	M08086_2.00	KLF5	GCCCCDCCCH	3.79e-10	2.76e-7	2.94e-4	728	63	63	1008	2.3	49	77.78	380	37.7
123	db/CIS-BP_2.00/Homo_sapiens.meme	M07723_2.00	ZNF860	SBBYTGCTCCCTGCY	4.98e-10	3.19e-7	3.4e-4	640	63	63	1008	1.07	58	92.06	558	55.36
124	db/CIS-BP_2.00/Homo_sapiens.meme	M07676_2.00	ZNF267	CCKCYSCACMKGCCBBCRGSN	7.38e-10	3.49e-7	3.72e-4	473	63	63	1008	1.39	46	73.02	339	33.63
125	db/CIS-BP_2.00/Homo_sapiens.meme	M07779_2.00	ZIM2	YCNTCCBCCYTCTYCTBCCVGCCTGKGGCC	2.01e-9	3.85e-7	4.1e-4	192	63	63	1008	1.19	31	49.21	156	15.48
126	db/CIS-BP_2.00/Homo_sapiens.meme	M02821_2.00	MGA	AGGTGTGA	1.14e-9	4.23e-7	4.51e-4	370	63	63	1008	1.07	42	66.67	285	28.27
127	db/CIS-BP_2.00/Homo_sapiens.meme	M03016_2.00	FOXJ2	GTAAACARTMAACA	2.1e-9	4.62e-7	4.92e-4	220	63	63	1008	1.04	33	52.38	178	17.66
128	db/CIS-BP_2.00/Homo_sapiens.meme	M08298_2.00	KLF7	GGCCCCGCCCH	1.16e-9	5.65e-7	6.02e-4	486	63	63	1008	1.23	47	74.6	359	35.62
129	db/CIS-BP_2.00/Homo_sapiens.meme	M03558_2.00	TBX4	AGGTGTGA	1.55e-9	6.7e-7	7.14e-4	432	63	63	1008	1.34	34	53.97	187	18.55
130	db/CIS-BP_2.00/Homo_sapiens.meme	M07664_2.00	ZNF716	WAKNTTNVTMTTTCY	1e-9	6.8e-7	7.24e-4	677	63	63	1008	1.58	46	73.02	342	33.93
131	db/CIS-BP_2.00/Homo_sapiens.meme	M04529_2.00	ZNF444	NCGTCCCCCTCCCCCH	2.04e-9	6.99e-7	7.44e-4	342	63	63	1008	1.59	39	61.9	250	24.8
132	db/CIS-BP_2.00/Homo_sapiens.meme	M01931_2.00	DMRT2	KAATKTATWN	2.32e-9	7.77e-7	8.28e-4	335	63	63	1008	1.52	31	49.21	157	15.58
133	db/CIS-BP_2.00/Homo_sapiens.meme	M00253_2.00	FOXC1	NGWATAAWHAA	2.39e-9	8.17e-7	8.71e-4	342	63	63	1008	1.07	41	65.08	278	27.58
134	db/CIS-BP_2.00/Homo_sapiens.meme	M02775_2.00	TCF3	HRCACCTGBN	1.5e-9	1.06e-6	0.00113	709	63	63	1008	2.16	31	49.21	154	15.28
135	db/CIS-BP_2.00/Homo_sapiens.meme	M08302_2.00	EGR2	CGCCCMCDC	2.52e-9	1.18e-6	0.00126	470	63	63	1008	1.31	44	69.84	321	31.85
136	db/CIS-BP_2.00/Homo_sapiens.meme	M04457_2.00	KLF16	VCCMCGCCCM	2.26e-9	1.42e-6	0.00151	629	63	63	1008	1.79	40	63.49	264	26.19
137	db/CIS-BP_2.00/Homo_sapiens.meme	M08341_2.00	ZNF554	CWGRGYCABBTRGGKKRCTRN	2.38e-9	1.42e-6	0.00151	598	63	63	1008	1.38	50	79.37	416	41.27
138	db/CIS-BP_2.00/Homo_sapiens.meme	M08318_2.00	ZNF394	BCHBCYCCAGCTACTCCTYY	3.34e-9	1.82e-6	0.00193	543	63	63	1008	1.44	48	76.19	386	38.29
139	db/CIS-BP_2.00/Homo_sapiens.meme	M08252_2.00	ZNF415	CHGGCTCCAKCDYCB	3.16e-9	1.88e-6	0.002	594	63	63	1008	1.38	49	77.78	402	39.88
140	db/CIS-BP_2.00/Homo_sapiens.meme	M07761_2.00	ZNF90	CTGATTATTCACCCA	8.23e-9	1.97e-6	0.0021	239	63	63	1008	5.27	15	23.81	31	3.08
141	db/CIS-BP_2.00/Homo_sapiens.meme	M02898_2.00	SP7	RMCACGCCCMCY	4e-9	2.44e-6	0.0026	609	63	63	1008	2.76	35	55.56	206	20.44
142	db/CIS-BP_2.00/Homo_sapiens.meme	M08091_2.00	KLF4	MCACACCCTNN	5.63e-9	3.36e-6	0.00358	597	63	63	1008	1.63	38	60.32	246	24.4
143	db/CIS-BP_2.00/Homo_sapiens.meme	M07980_2.00	MEF2C	DDKCYAAAAATAGMH	6.48e-9	3.4e-6	0.00362	524	63	63	1008	1.02	52	82.54	463	45.93
144	db/CIS-BP_2.00/Homo_sapiens.meme	M07611_2.00	ZNF12	BNYTYSTYNCWGCAGCDS	7.23e-9	3.9e-6	0.00415	539	63	63	1008	1.26	47	74.6	378	37.5
145	db/CIS-BP_2.00/Homo_sapiens.meme	M07660_2.00	ZNF792	CSGBGCCTABCTGVGGGCGCDGGCBTGRNG	5.03e-8	3.98e-6	0.00423	79	63	63	1008	1.69	17	26.98	50	4.96
146	db/CIS-BP_2.00/Homo_sapiens.meme	M07677_2.00	ZNF566	SCCCGCCTCCYKTBCCGCYBB	1.46e-8	5.43e-6	0.00578	371	63	63	1008	1.05	43	68.25	324	32.14
147	db/CIS-BP_2.00/Homo_sapiens.meme	M08372_2.00	ZNF140	CAATTCYGCTCHNNBHYNNNNNYC	1.14e-8	5.43e-6	0.00578	476	63	63	1008	1.19	46	73.02	367	36.41
148	db/CIS-BP_2.00/Homo_sapiens.meme	M08398_2.00	KLF14	GGCCMCGCCCMCYB	1.18e-8	6.05e-6	0.00644	512	63	63	1008	2.96	34	53.97	203	20.14
149	db/CIS-BP_2.00/Homo_sapiens.meme	M07675_2.00	ZNF74	AACAAYRCTGCARTGAACATC	2.2e-7	7.25e-6	0.00772	33	63	63	1008	9.36	6	9.52	1	0.1
150	db/CIS-BP_2.00/Homo_sapiens.meme	M08364_2.00	ZBTB6	SYGGCTCCAGCRYCB	1.33e-8	7.49e-6	0.00798	565	63	63	1008	1.35	48	76.19	401	39.78
151	db/CIS-BP_2.00/Homo_sapiens.meme	M07695_2.00	ZNF33A	GTGBCT	1.05e-8	7.71e-6	0.00821	737	63	63	1008	1.27	41	65.08	292	28.97
152	db/CIS-BP_2.00/Homo_sapiens.meme	M03319_2.00	POU3F3	WWTATGCWAATTW	2.34e-8	8.43e-6	0.00898	361	63	63	1008	1.04	41	65.08	300	29.76
153	db/CIS-BP_2.00/Homo_sapiens.meme	M07926_2.00	BCL11A	BTTTCASTTCCYCHT	1.17e-8	8.68e-6	0.00925	743	63	63	1008	1.02	61	96.83	675	66.96
154	db/CIS-BP_2.00/Homo_sapiens.meme	M07666_2.00	ZNF662	RKCTAGCCCYBKCCTACC	2.27e-8	1.32e-5	0.014	580	63	63	1008	1.27	49	77.78	424	42.06
155	db/CIS-BP_2.00/Homo_sapiens.meme	M01983_2.00	(FOXB2)_(Mus_musculus)_(DBD_0.93)	TRTTTACWYW	2.96e-8	1.36e-5	0.0145	460	63	63	1008	1.23	35	55.56	223	22.12
156	db/CIS-BP_2.00/Homo_sapiens.meme	M04150_2.00	HAND2	AACACCTGCD	3.97e-8	1.73e-5	0.0184	436	63	63	1008	1.06	45	71.43	365	36.21
157	db/CIS-BP_2.00/Homo_sapiens.meme	M08093_2.00	ZNF24	CATTCATTCATTC	8.55e-8	1.97e-5	0.0209	230	63	63	1008	1.71	24	38.1	111	11.01
158	db/CIS-BP_2.00/Homo_sapiens.meme	M07594_2.00	ZNF300	CAKHCYSCCWHACRCMKCMCMCMYBMCAB	7.34e-8	2.08e-5	0.0221	283	63	63	1008	1.05	36	57.14	244	24.21
159	db/CIS-BP_2.00/Homo_sapiens.meme	M04191_2.00	HES7	NVCRCGTGCC	1.77e-7	2.11e-5	0.0225	119	63	63	1008	1.1	21	33.33	88	8.73
160	db/CIS-BP_2.00/Homo_sapiens.meme	M07679_2.00	ZNF284	TGCGATCWY	3.22e-7	3.8e-5	0.0405	118	63	63	1008	1.21	18	28.57	66	6.55
161	db/CIS-BP_2.00/Homo_sapiens.meme	M04090_2.00	HES1	SVCACGYGCC	3.91e-7	4.42e-5	0.0471	113	63	63	1008	1.22	18	28.57	67	6.65
162	db/CIS-BP_2.00/Homo_sapiens.meme	M08019_2.00	STAT2	TTHAGTTTCRNTTTC	1.06e-7	4.58e-5	0.0487	432	63	63	1008	1.3	38	60.32	274	27.18
163	db/CIS-BP_2.00/Homo_sapiens.meme	M05545_2.00	IRF2	CGAAASYGAAAS	1.03e-7	4.78e-5	0.051	464	63	63	1008	1.27	34	53.97	222	22.02
164	db/CIS-BP_2.00/Homo_sapiens.meme	M02394_2.00	NR2E1	HGAGGTCARN	9.34e-8	4.93e-5	0.0525	528	63	63	1008	2.63	18	28.57	60	5.95
165	db/CIS-BP_2.00/Homo_sapiens.meme	M07589_2.00	ZNF189	YBKCYSTTCCHB	8.18e-8	5.9e-5	0.0628	721	63	63	1008	4.39	16	25.4	45	4.46
166	db/CIS-BP_2.00/Homo_sapiens.meme	M08371_2.00	ZNF34	YCAGRCTTKTCYTYT	7.72e-8	6.16e-5	0.0656	798	63	63	1008	1.2	58	92.06	619	61.41
167	db/CIS-BP_2.00/Homo_sapiens.meme	M08345_2.00	GLIS1	CNCYSYRGGRGGYC	9.68e-8	6.7e-5	0.0713	692	63	63	1008	1.23	55	87.3	555	55.06
168	db/CIS-BP_2.00/Homo_sapiens.meme	M03022_2.00	FOXO1	GTAAACAW	1.6e-7	6.81e-5	0.0726	426	63	63	1008	1	45	71.43	381	37.8
169	db/CIS-BP_2.00/Homo_sapiens.meme	M04461_2.00	EGR4	YMCGCCCACGCAH	4.74e-7	6.96e-5	0.0741	147	63	63	1008	1.59	18	28.57	68	6.75
170	db/CIS-BP_2.00/Homo_sapiens.meme	M07713_2.00	ZNF585A	TCTGTWYTC	1.53e-7	7.32e-5	0.0779	479	63	63	1008	2.72	9	14.29	9	0.89
171	db/CIS-BP_2.00/Homo_sapiens.meme	M07750_2.00	ZNF789	CTYCTGACACCM	1.48e-7	7.48e-5	0.0797	506	63	63	1008	1.59	37	58.73	264	26.19
172	db/CIS-BP_2.00/Homo_sapiens.meme	M04214_2.00	TCF4	VCACCTGC	1.16e-7	7.78e-5	0.0829	670	63	63	1008	2.34	24	38.1	113	11.21
173	db/CIS-BP_2.00/Homo_sapiens.meme	M04847_2.00	FOXL2	ARYGTAAACAH	3.73e-7	8.58e-5	0.0914	230	63	63	1008	1.19	19	30.16	75	7.44
174	db/CIS-BP_2.00/Homo_sapiens.meme	M08333_2.00	ZNF768	CTTAACCTCTCTGDG	2.7e-7	8.78e-5	0.0935	325	63	63	1008	11.1	13	20.63	30	2.98
175	db/CIS-BP_2.00/Homo_sapiens.meme	M07757_2.00	ZNF783	CSGCGKCC	4.76e-7	8.85e-5	0.0942	186	63	63	1008	1.92	21	33.33	94	9.33
176	db/CIS-BP_2.00/Homo_sapiens.meme	M07657_2.00	ZNF816	NCCYBGCATGTCCCCMYYHYT	1.82e-7	8.93e-5	0.0951	491	63	63	1008	2.4	35	55.56	240	23.81
177	db/CIS-BP_2.00/Homo_sapiens.meme	M07722_2.00	ZNF675	NCRTTTTGKCCYCCKRDBCCYSYNNBC	2.32e-7	1.02e-4	0.108	439	63	63	1008	1.43	39	61.9	296	29.37
178	db/CIS-BP_2.00/Homo_sapiens.meme	M08035_2.00	TP73	RCADGYYCWGRCATG	2.02e-7	1.11e-4	0.118	549	63	63	1008	1.47	41	65.08	323	32.04
179	db/CIS-BP_2.00/Homo_sapiens.meme	M08329_2.00	ZNF146	GCTGYRTARTATTCC	6.04e-7	1.12e-4	0.119	185	63	63	1008	56.7	5	7.94	0	0
180	db/CIS-BP_2.00/Homo_sapiens.meme	M04205_2.00	FIGLA	HMCACCTGB	1.76e-7	1.22e-4	0.13	695	63	63	1008	3.58	18	28.57	63	6.25
181	db/CIS-BP_2.00/Homo_sapiens.meme	M07604_2.00	ZNF222	GCTGASATB	1.74e-7	1.23e-4	0.132	710	63	63	1008	1.46	43	68.25	351	34.82
182	db/CIS-BP_2.00/Homo_sapiens.meme	M07620_2.00	ZNF558	TKGGATHTGTRGATTCATGYCTTTCAT	6.58e-7	1.28e-4	0.137	195	63	63	1008	1.17	26	41.27	146	14.48
183	db/CIS-BP_2.00/Homo_sapiens.meme	M07685_2.00	ZFP69B	BTTTCCAGCCAC	2.5e-7	1.35e-4	0.144	541	63	63	1008	1.07	49	77.78	453	44.94
184	db/CIS-BP_2.00/Homo_sapiens.meme	M04060_2.00	HES2	GRCACGTGCC	1.29e-6	1.37e-4	0.146	106	63	63	1008	3.61	9	14.29	13	1.29
185	db/CIS-BP_2.00/Homo_sapiens.meme	M08116_2.00	FOXP2	RWGTAAACAVR	3.74e-7	1.52e-4	0.162	406	63	63	1008	1.01	43	68.25	360	35.71
186	db/CIS-BP_2.00/Homo_sapiens.meme	M05283_2.00	IRX1	DACAYRNNDWNNYRTGTH	1.67e-6	1.81e-4	0.192	108	63	63	1008	1.15	11	17.46	24	2.38
187	db/CIS-BP_2.00/Homo_sapiens.meme	M07942_2.00	E2F4	GGCGGGAARWTBVRR	7.27e-7	1.93e-4	0.205	265	63	63	1008	1.08	32	50.79	216	21.43
188	db/CIS-BP_2.00/Homo_sapiens.meme	M03344_2.00	BORCS8-MEF2B	RCTAWAAATAGC	1.03e-6	1.98e-4	0.211	192	63	63	1008	1.27	25	39.68	139	13.79
189	db/CIS-BP_2.00/Homo_sapiens.meme	M02794_2.00	MESP1	HRCACCTGBN	2.85e-7	2.08e-4	0.222	731	63	63	1008	2.01	27	42.86	150	14.88
190	db/CIS-BP_2.00/Homo_sapiens.meme	M07601_2.00	ZNF776	CAGATGCCRGCRYYRTGCTTC	1.09e-6	2.53e-4	0.269	231	63	63	1008	2	22	34.92	109	10.81
191	db/CIS-BP_2.00/Homo_sapiens.meme	M07774_2.00	ZNF10	CCCTACCTC	4.76e-7	2.61e-4	0.278	548	63	63	1008	1.79	38	60.32	290	28.77
192	db/CIS-BP_2.00/Homo_sapiens.meme	M07709_2.00	ZKSCAN5	TCACCTCCY	4.98e-7	2.72e-4	0.29	547	63	63	1008	1.15	46	73.02	411	40.77
193	db/CIS-BP_2.00/Homo_sapiens.meme	M07842_2.00	ZEB1	CWCACCTG	4.04e-7	2.76e-4	0.294	684	63	63	1008	2.23	29	46.03	175	17.36
194	db/CIS-BP_2.00/Homo_sapiens.meme	M07563_2.00	ZNF263	CTCCTCCCY	4.87e-7	3.64e-4	0.387	747	63	63	1008	4.19	31	49.21	200	19.84
195	db/CIS-BP_2.00/Homo_sapiens.meme	M03570_2.00	TBX1	AGGTGTGAAAAAAGGTGTGA	6.25e-6	3.94e-4	0.419	63	63	63	1008	1.36	12	19.05	35	3.47
196	db/CIS-BP_2.00/Homo_sapiens.meme	M06446_2.00	(SMAD9)_(Drosophila_melanogaster)_(DBD_0.91)	GCGHCGSCVG	2.28e-6	4.1e-4	0.437	180	63	63	1008	1.5	20	31.75	95	9.42
197	db/CIS-BP_2.00/Homo_sapiens.meme	M08066_2.00	CREB1	NVTGACGTCABN	2.76e-6	4.2e-4	0.447	152	63	63	1008	1.02	23	36.51	126	12.5
198	db/CIS-BP_2.00/Homo_sapiens.meme	M07753_2.00	ZNF805	KGYDTTCCTTGGYTTGTG	1.11e-6	4.83e-4	0.514	435	63	63	1008	1.01	44	69.84	389	38.59
199	db/CIS-BP_2.00/Homo_sapiens.meme	M05083_2.00	HOXC12	GGTAATAAAAH	1.5e-6	5.1e-4	0.543	339	63	63	1008	2.36	17	26.98	66	6.55
200	db/CIS-BP_2.00/Homo_sapiens.meme	M08109_2.00	E2F5	GGGCGGGARVN	1.83e-6	5.5e-4	0.585	301	63	63	1008	1.09	34	53.97	251	24.9
201	db/CIS-BP_2.00/Homo_sapiens.meme	M07805_2.00	TCF12	VSAGCAGSTGB	9.24e-7	6.51e-4	0.694	705	63	63	1008	5.52	12	19.05	28	2.78
202	db/CIS-BP_2.00/Homo_sapiens.meme	M02790_2.00	HEY2	GGCACGTGYC	4.94e-6	6.77e-4	0.721	137	63	63	1008	1.68	13	20.63	41	4.07
203	db/CIS-BP_2.00/Homo_sapiens.meme	M07738_2.00	ZNF649	TTATAT	3.11e-6	6.97e-4	0.742	224	63	63	1008	1	29	46.03	194	19.25
204	db/CIS-BP_2.00/Homo_sapiens.meme	M07714_2.00	ZNF429	WRCCCATTKNBKCCTMTGCCH	1.51e-6	7.14e-4	0.761	473	63	63	1008	1.08	45	71.43	409	40.58
205	db/CIS-BP_2.00/Homo_sapiens.meme	M01659_2.00	(ARID3B)_(Mus_musculus)_(DBD_1.00)	NTWATTAATWT	1.96e-6	8.08e-4	0.861	413	63	63	1008	1.26	35	55.56	265	26.29
206	db/CIS-BP_2.00/Homo_sapiens.meme	M07652_2.00	ZNF543	SGSCCCCTCCCS	1.52e-6	8.19e-4	0.872	539	63	63	1008	2.95	34	53.97	249	24.7
207	db/CIS-BP_2.00/Homo_sapiens.meme	M07698_2.00	ZNF681	YCBSCGTCCTTK	1.66e-6	8.6e-4	0.916	519	63	63	1008	2.21	22	34.92	112	11.11
208	db/CIS-BP_2.00/Homo_sapiens.meme	M07668_2.00	ZNF530	BBCYGSCCCTBKCCYTKC	1.52e-6	9.39e-4	1	616	63	63	1008	5.96	26	41.27	153	15.18
209	db/CIS-BP_2.00/Homo_sapiens.meme	M08382_2.00	ZNF677	NDGCTGTTCTTDTYDGKKTYC	2.44e-6	0.00105	1.11	428	63	63	1008	1.04	42	66.67	368	36.51
210	db/CIS-BP_2.00/Homo_sapiens.meme	M07613_2.00	ZNF3	TCWNTYAKTCADTCA	2.58e-6	0.00118	1.26	458	63	63	1008	1.56	32	50.79	229	22.72
211	db/CIS-BP_2.00/Homo_sapiens.meme	M08111_2.00	FLI1	GGAAGGAAGGAAGGAAGG	1.2e-5	0.00121	1.29	101	63	63	1008	77.8	6	9.52	5	0.5
212	db/CIS-BP_2.00/Homo_sapiens.meme	M07701_2.00	ZNF765	CCTSGGCHRVGCMCTGSC	2.72e-6	0.00138	1.47	509	63	63	1008	3.1	31	49.21	217	21.53
213	db/CIS-BP_2.00/Homo_sapiens.meme	M08303_2.00	SNAI1	SVMTGCACCTGCYNS	2.86e-6	0.00157	1.67	550	63	63	1008	2.02	34	53.97	256	25.4
214	db/CIS-BP_2.00/Homo_sapiens.meme	M05797_2.00	TBX18	DRAGGTGTGAAR	2.85e-6	0.00163	1.74	574	63	63	1008	1.01	51	80.95	522	51.79
215	db/CIS-BP_2.00/Homo_sapiens.meme	M08055_2.00	ASCL1	VVAGCAGCTGSNN	2.88e-6	0.00176	1.88	613	63	63	1008	12	10	15.87	20	1.98
216	db/CIS-BP_2.00/Homo_sapiens.meme	M00968_2.00	MTF2	HMCCCGMCGGN	8.73e-6	0.00195	2.08	224	63	63	1008	1.15	26	41.27	169	16.77
217	db/CIS-BP_2.00/Homo_sapiens.meme	M08177_2.00	NRF1	GCGCVTGCGCR	1.15e-5	0.00198	2.11	172	63	63	1008	1.44	19	30.16	97	9.62
218	db/CIS-BP_2.00/Homo_sapiens.meme	M05805_2.00	TBX6	DAGGTGTKAW	6.01e-6	0.00221	2.35	368	63	63	1008	1.13	30	47.62	213	21.13
219	db/CIS-BP_2.00/Homo_sapiens.meme	M04483_2.00	ZSCAN1	NYGCACACVCTGAMAAH	1.26e-5	0.00236	2.51	187	63	63	1008	3.77	12	19.05	38	3.77
220	db/CIS-BP_2.00/Homo_sapiens.meme	M07759_2.00	ZNF611	GGAGCGCCBSNGCCSGSC	6.71e-6	0.00267	2.84	398	63	63	1008	3.18	27	42.86	178	17.66
221	db/CIS-BP_2.00/Homo_sapiens.meme	M07649_2.00	ZNF619	CSCBCCCCYCCCBCAGGAATKCS	9.87e-6	0.00272	2.9	276	63	63	1008	1.04	32	50.79	244	24.21
222	db/CIS-BP_2.00/Homo_sapiens.meme	M07593_2.00	ZNF614	AGMTSARRTCABYMBTCWNRY	1.21e-5	0.00278	2.96	230	63	63	1008	1.1	27	42.86	184	18.25
223	db/CIS-BP_2.00/Homo_sapiens.meme	M08080_2.00	ZEB2	SNCACCTGSNN	4.19e-6	0.00282	3	674	63	63	1008	2.99	21	33.33	109	10.81
224	db/CIS-BP_2.00/Homo_sapiens.meme	M04527_2.00	ZNF23	DCRCCCATGGCCGCGMCMV	1.64e-5	0.00285	3.04	174	63	63	1008	1.75	18	28.57	90	8.93
225	db/CIS-BP_2.00/Homo_sapiens.meme	M08250_2.00	ZNF35	TTGTARGAGCTCTTTATATAT	6.07e-5	0.00333	3.55	55	63	63	1008	1.13	11	17.46	38	3.77
226	db/CIS-BP_2.00/Homo_sapiens.meme	M08365_2.00	ZSCAN30	GCCWGSRGCCHBSVS	5.68e-6	0.00345	3.67	608	63	63	1008	1.11	51	80.95	532	52.78
227	db/CIS-BP_2.00/Homo_sapiens.meme	M00451_2.00	(DBX1)_(Mus_musculus)_(DBD_0.96)	ATTAATTA	1.06e-5	0.00375	3.99	354	63	63	1008	1.07	36	57.14	299	29.66
228	db/CIS-BP_2.00/Homo_sapiens.meme	M00220_2.00	SNAI2	SCACCTGY	5.29e-6	0.00396	4.21	750	63	63	1008	1.81	24	38.1	142	14.09
229	db/CIS-BP_2.00/Homo_sapiens.meme	M07603_2.00	ZNF19	TBCNCCGTCAGDRCCCYW	5.97e-6	0.00401	4.27	673	63	63	1008	1.01	55	87.3	612	60.71
230	db/CIS-BP_2.00/Homo_sapiens.meme	M08163_2.00	(RUNX1)_(Mus_musculus)_(DBD_1.00)	WAACCACARVV	5.88e-6	0.00452	4.82	771	63	63	1008	1.17	53	84.13	571	56.65
231	db/CIS-BP_2.00/Homo_sapiens.meme	M08292_2.00	ZNF175	TGTATTCYTTRTYDTGTGTGG	5.76e-5	0.00523	5.57	91	63	63	1008	1.18	15	23.81	71	7.04
232	db/CIS-BP_2.00/Homo_sapiens.meme	M05104_2.00	HOXD9	NTTTTATKRC	1.21e-5	0.00533	5.68	441	63	63	1008	1.7	28	44.44	196	19.44
233	db/CIS-BP_2.00/Homo_sapiens.meme	M04152_2.00	HEY1	GRCACGTGCM	5.56e-5	0.0056	5.97	101	63	63	1008	1.02	16	25.4	80	7.94
234	db/CIS-BP_2.00/Homo_sapiens.meme	M07937_2.00	ZBTB7A	CNSVGMCCCYYSCCC	8.98e-6	0.00565	6.02	631	63	63	1008	2.23	37	58.73	311	30.85
235	db/CIS-BP_2.00/Homo_sapiens.meme	M03315_2.00	POU3F1	WTATGCWAATKW	1.53e-5	0.00602	6.41	394	63	63	1008	1.1	37	58.73	318	31.55
236	db/CIS-BP_2.00/Homo_sapiens.meme	M08322_2.00	ZNF513	AYCATCATCAYCATC	3.71e-5	0.00607	6.47	164	63	63	1008	1.03	22	34.92	138	13.69
237	db/CIS-BP_2.00/Homo_sapiens.meme	M07582_2.00	ZNF557	TCCCTG	6.73e-6	0.00632	6.73	942	63	63	1008	1.88	46	73.02	446	44.25
238	db/CIS-BP_2.00/Homo_sapiens.meme	M05134_2.00	GSC	HTAATCCS	3.51e-5	0.00668	7.11	191	63	63	1008	1.2	14	22.22	59	5.85
239	db/CIS-BP_2.00/Homo_sapiens.meme	M07785_2.00	USF2	GGTCACGTGRSSSSV	6.19e-5	0.00715	7.62	116	63	63	1008	3.73	8	12.7	18	1.79
240	db/CIS-BP_2.00/Homo_sapiens.meme	M07845_2.00	PRDM1	BCACTTTCACTTTYH	1.24e-5	0.00728	7.76	590	63	63	1008	1.6	36	57.14	301	29.86
241	db/CIS-BP_2.00/Homo_sapiens.meme	M04551_2.00	KLF17	MMCCACGCACCCMTY	1.94e-5	0.00777	8.27	401	63	63	1008	1.96	27	42.86	189	18.75
242	db/CIS-BP_2.00/Homo_sapiens.meme	M04845_2.00	FOXE1	BVYTAAAYAAACAAH	2.92e-5	0.00852	9.08	293	63	63	1008	1.08	31	49.21	244	24.21
# AME (Analysis of Motif Enrichment): Version 5.4.1 compiled on Aug 25 2021 at 17:36:32					NA	NA	NA	NA	NA	NA	NA	NA	NA	NA	NA	NA
# The format of this file is described at https://meme-suite.org/meme/doc/ame-output-format.html.					NA	NA	NA	NA	NA	NA	NA	NA	NA	NA	NA	NA
# ame --verbose 1 --oc . --scoring avg --method fisher --hit-lo-fraction 0.25 --evalue-report-threshold 10.0 --control --shuffle-- --kmer 2 GSE56026_STAT1_human_KD_Down_GeneNames.fasta db/CIS-BP_2.00/Homo_sapiens.meme					NA	NA	NA	NA	NA	NA	NA	NA	NA	NA	NA	NA
1	db/CIS-BP_2.00/Homo_sapiens.meme	M07609_2.00	ZNF496	ATYRYGCCACTGCACTCCAGCCTGGGCRAC	3.4399999999999993e-88	2.3699999999999997e-86	2.5299999999999996e-83	69	93	93	1023	95.2	68	73.12	0	0
2	db/CIS-BP_2.00/Homo_sapiens.meme	M07658_2.00	ZNF571	CCGCCGCVGCCKCCS	4.6199999999999985e-87	1.6099999999999997e-84	1.7199999999999996e-81	349	93	93	1023	25.4	71	76.34	4	0.39
3	db/CIS-BP_2.00/Homo_sapiens.meme	M07659_2.00	ZNF443	GTCTKCYMAGWHGCTGGYRTT	1.9799999999999998e-85	4.719999999999999e-83	5.019999999999999e-80	238	93	93	1023	32.2	70	75.27	4	0.39
4	db/CIS-BP_2.00/Homo_sapiens.meme	M07590_2.00	ZNF287	TYTYTBTYTTYYWTBTYTKTTWTTTTTTYTTTT	2.0399999999999995e-83	1.0099999999999998e-80	1.0799999999999998e-77	497	93	93	1023	117	79	84.95	25	2.44
5	db/CIS-BP_2.00/Homo_sapiens.meme	M08325_2.00	ZNF22	TTTTTTTTT	7.049999999999998e-82	4.4599999999999994e-79	4.749999999999999e-76	633	93	93	1023	37.7	67	72.04	3	0.29
6	db/CIS-BP_2.00/Homo_sapiens.meme	M08090_2.00	ZNF384	TTTTTTTTKWNN	1.1899999999999998e-81	9.369999999999999e-79	9.969999999999998e-76	789	93	93	1023	12.1	73	78.49	13	1.27
7	db/CIS-BP_2.00/Homo_sapiens.meme	M07605_2.00	ZNF235	THWTHYWTTWHATYTTTTTYTTTWTTTTTT	3.2399999999999997e-77	1.9299999999999997e-74	2.0499999999999996e-71	595	93	93	1023	445	64	68.82	3	0.29
8	db/CIS-BP_2.00/Homo_sapiens.meme	M07730_2.00	ZNF181	MYYYSWGSTTSTWGGRMKGMKGWS	5.2699999999999994e-73	2.2199999999999998e-70	2.3599999999999997e-67	421	93	93	1023	15.9	67	72.04	12	1.17
9	db/CIS-BP_2.00/Homo_sapiens.meme	M07782_2.00	ZNF487	CMAAWAAAAAWRAAAWAAHAAGCAVAVMA	3.5399999999999994e-71	8.849999999999999e-69	9.429999999999998e-66	250	93	93	1023	7.86	79	84.95	50	4.89
10	db/CIS-BP_2.00/Homo_sapiens.meme	M08277_2.00	PRDM6	TTTTYYTBTTTTTTYHYTTYY	8.9e-71	7.209999999999999e-68	7.679999999999999e-65	810	93	93	1023	21.9	79	84.95	51	4.99
11	db/CIS-BP_2.00/Homo_sapiens.meme	M07646_2.00	ZNF613	MTTTTTTTT	3.37e-58	2.7599999999999995e-55	2.9399999999999996e-52	817	93	93	1023	7.29	64	68.82	29	2.83
12	db/CIS-BP_2.00/Homo_sapiens.meme	M08388_2.00	ZNF770	YCYCRGCCTCC	3.43e-57	2.3699999999999997e-54	2.53e-51	692	93	93	1023	13.5	58	62.37	16	1.56
13	db/CIS-BP_2.00/Homo_sapiens.meme	M07597_2.00	ZNF182	CYTTTTKTTTTT	3.9899999999999996e-56	3.31e-53	3.53e-50	831	93	93	1023	16.7	59	63.44	20	1.96
14	db/CIS-BP_2.00/Homo_sapiens.meme	M08373_2.00	ZNF774	NYCYCHKBCTCYTCYTCY	1.9799999999999994e-55	1.94e-52	2.07e-49	979	93	93	1023	6.88	82	88.17	120	11.73
15	db/CIS-BP_2.00/Homo_sapiens.meme	M07776_2.00	ZNF225	TTACCWKTTDRATTYYTTTYTTTTTYYT	1.7899999999999998e-52	6.59e-50	7.0199999999999995e-47	369	93	93	1023	7.87	75	80.65	90	8.8
16	db/CIS-BP_2.00/Homo_sapiens.meme	M08384_2.00	ZNF121	VCDGGVCMRVRYAGCVAGRCCCCN	4.57e-49	2.43e-46	2.59e-43	532	93	93	1023	13.8	63	67.74	48	4.69
17	db/CIS-BP_2.00/Homo_sapiens.meme	M08380_2.00	ZNF98	BTKCCTTTTTBTTGTCYTTDY	1.8499999999999998e-47	1.3e-44	1.39e-41	704	93	93	1023	9.75	62	66.67	49	4.79
18	db/CIS-BP_2.00/Homo_sapiens.meme	M07642_2.00	ZNF519	CSGCBGCMGCCGCCC	1.6499999999999999e-46	6.21e-44	6.61e-41	377	93	93	1023	4.15	73	78.49	104	10.17
19	db/CIS-BP_2.00/Homo_sapiens.meme	M07765_2.00	ZNF492	CCTTTTTRKTGYTCTTKT	7.98e-39	4.69e-36	5e-33	588	93	93	1023	4.6	73	78.49	144	14.08
20	db/CIS-BP_2.00/Homo_sapiens.meme	M08377_2.00	ZSCAN16	RTRTRTRTATRTRTRTATATATAT	1.93e-37	1.14e-35	1.2099999999999999e-32	59	93	93	1023	26.8	33	35.48	1	0.1
21	db/CIS-BP_2.00/Homo_sapiens.meme	M07733_2.00	ZNF823	YYYTTCTCTBTYKCY	1.67e-38	1.5e-35	1.5999999999999998e-32	900	93	93	1023	3.94	72	77.42	139	13.59
22	db/CIS-BP_2.00/Homo_sapiens.meme	M08378_2.00	ZFP28	KKNYYHHNTATKATYTCYWTTTCYTCWGDTGTC	3.5199999999999997e-37	2.07e-34	2.1999999999999997e-31	587	93	93	1023	5.01	65	69.89	103	10.07
23	db/CIS-BP_2.00/Homo_sapiens.meme	M08395_2.00	ZNF260	GCYBYNTHSYHYTCC	2.21e-36	2.01e-33	2.14e-30	908	93	93	1023	3.14	63	67.74	96	9.38
24	db/CIS-BP_2.00/Homo_sapiens.meme	M07773_2.00	ZNF432	TTYCYCYCCCYYBCCBYCYCCHTYCCTCTC	5.92e-36	3.52e-33	3.7499999999999996e-30	595	93	93	1023	10.2	69	74.19	134	13.1
25	db/CIS-BP_2.00/Homo_sapiens.meme	M08339_2.00	ZNF524	CTCGAACCCNKGMCC	7.8e-35	2.01e-32	2.1400000000000002e-29	257	93	93	1023	2.85	52	55.91	52	5.08
26	db/CIS-BP_2.00/Homo_sapiens.meme	M07764_2.00	ZNF880	CTGCWCTCTCCCYYYCCCMHYYHNCHN	6.979999999999999e-35	4.9099999999999996e-32	5.230000000000001e-29	704	93	93	1023	6.41	74	79.57	177	17.3
27	db/CIS-BP_2.00/Homo_sapiens.meme	M07712_2.00	ZNF418	RMHWTTTWWTMWTNWAADAAAANWWTTVCW	6.24e-34	2.5299999999999997e-31	2.69e-28	405	93	93	1023	1.59	82	88.17	258	25.22
28	db/CIS-BP_2.00/Homo_sapiens.meme	M08261_2.00	ZSCAN22	CCTCCTCCMTCWGAC	1.35e-33	6.69e-31	7.12e-28	497	93	93	1023	2.01	78	83.87	221	21.6
29	db/CIS-BP_2.00/Homo_sapiens.meme	M07647_2.00	ZNF135	TCGACCTCC	2.91e-33	1.02e-30	1.09e-27	350	93	93	1023	2.48	53	56.99	62	6.06
30	db/CIS-BP_2.00/Homo_sapiens.meme	M07635_2.00	ZNF570	DWRTTTTCTTKTAHKWTRTYT	1.2699999999999998e-32	6.42e-30	6.83e-27	504	93	93	1023	3.62	64	68.82	122	11.93
31	db/CIS-BP_2.00/Homo_sapiens.meme	M08260_2.00	ZNF467	YCYCYCYCCCYBCCCCTCCCC	1.8e-32	1.2500000000000001e-29	1.33e-26	692	93	93	1023	6.55	77	82.8	221	21.6
32	db/CIS-BP_2.00/Homo_sapiens.meme	M07727_2.00	ZNF460	CGCCRCCTCCCC	1.4e-30	6.33e-28	6.74e-25	452	93	93	1023	4.54	62	66.67	122	11.93
33	db/CIS-BP_2.00/Homo_sapiens.meme	M08296_2.00	SP4	YHRGCYCCGCCCCCY	1.3599999999999999e-30	8.14e-28	8.67e-25	600	93	93	1023	5.61	60	64.52	110	10.75
34	db/CIS-BP_2.00/Homo_sapiens.meme	M07720_2.00	ZNF785	TSTGTGTKTGKGBRTSTGTRTGTVYVWGT	4.4200000000000004e-29	2.61e-27	2.78e-24	59	93	93	1023	5.22	30	32.26	6	0.59
35	db/CIS-BP_2.00/Homo_sapiens.meme	M08142_2.00	IRF1	AAANNGAAAGTGAAASYRRRN	3.7600000000000003e-29	1.99e-26	2.1099999999999998e-23	528	93	93	1023	2.95	65	69.89	151	14.76
36	db/CIS-BP_2.00/Homo_sapiens.meme	M08340_2.00	ZBTB26	CGCGCRCRCGCRCGCRCRCRC	3.6e-28	3.1300000000000003e-26	3.33e-23	87	93	93	1023	1.7	37	39.78	23	2.25
37	db/CIS-BP_2.00/Homo_sapiens.meme	M04857_2.00	FOXR2	AYATAWACATAAATRHW	5.48e-28	1.14e-25	1.21e-22	208	93	93	1023	1.11	60	64.52	126	12.32
38	db/CIS-BP_2.00/Homo_sapiens.meme	M08342_2.00	ZNF596	KCTCKGBCTCYYYCY	2.96e-28	1.64e-25	1.75e-22	555	93	93	1023	3.73	62	66.67	137	13.39
39	db/CIS-BP_2.00/Homo_sapiens.meme	M07766_2.00	ZNF879	DGCTSTRKTGTTWGGTGCATWTATRTTTAHWATTGTTAT	2.9700000000000004e-27	3.39e-25	3.61e-22	114	93	93	1023	1.6	48	51.61	66	6.45
40	db/CIS-BP_2.00/Homo_sapiens.meme	M07612_2.00	ZNF202	CCKCSTCC	1.89e-26	8.22e-24	8.75e-21	435	93	93	1023	4.21	41	44.09	41	4.01
41	db/CIS-BP_2.00/Homo_sapiens.meme	M03343_2.00	MEF2D	DCTAWAAATAGM	4.1500000000000003e-26	1.03e-23	1.1e-20	248	93	93	1023	1.02	65	69.89	174	17.01
42	db/CIS-BP_2.00/Homo_sapiens.meme	M04575_2.00	ZNF713	BTTTCYWGTCTTTTTTCTD	9.010000000000001e-26	2.0299999999999998e-23	2.16e-20	225	93	93	1023	1.02	63	67.74	162	15.84
43	db/CIS-BP_2.00/Homo_sapiens.meme	M07573_2.00	ZNF85	AAAVTGCWGGAATCTSND	3.7200000000000004e-26	2.2999999999999998e-23	2.45e-20	618	93	93	1023	2.23	62	66.67	152	14.86
44	db/CIS-BP_2.00/Homo_sapiens.meme	M04455_2.00	KLF2	NRCCMCRCCCH	3.05e-25	1.81e-22	1.92e-19	593	93	93	1023	2.86	58	62.37	132	12.9
45	db/CIS-BP_2.00/Homo_sapiens.meme	M08323_2.00	KLF15	CCCCBSCYCCGCCCC	5.0299999999999995e-25	2.99e-22	3.18e-19	594	93	93	1023	2.62	76	81.72	281	27.47
46	db/CIS-BP_2.00/Homo_sapiens.meme	M08310_2.00	ZNF341	GCTSTTCCYBCYBCYSCCCBS	2.97e-24	2.1e-21	2.23e-18	706	93	93	1023	3.48	75	80.65	279	27.27
47	db/CIS-BP_2.00/Homo_sapiens.meme	M07678_2.00	ZNF529	YYNSSYHCYTCVTCCCSCTYCCCMCSC	7.5e-24	2.67e-21	2.84e-18	356	93	93	1023	2.84	61	65.59	163	15.93
48	db/CIS-BP_2.00/Homo_sapiens.meme	M04400_2.00	KLF6	NRCCACGCCCH	9.719999999999999e-24	4.72e-21	5.03e-18	486	93	93	1023	3.1	47	50.54	79	7.72
49	db/CIS-BP_2.00/Homo_sapiens.meme	M07715_2.00	ZNF100	CVGCCGCCGCCDTGG	2.2799999999999997e-23	5.7500000000000005e-21	6.12e-18	252	93	93	1023	1.18	61	65.59	167	16.32
50	db/CIS-BP_2.00/Homo_sapiens.meme	M07717_2.00	ZNF441	RRCTCCGCCYCC	1.05e-22	3.67e-20	3.91e-17	349	93	93	1023	4.31	44	47.31	70	6.84
51	db/CIS-BP_2.00/Homo_sapiens.meme	M07662_2.00	HKR1	VYBVYSTCCTCCCYNGYSCMB	8.249999999999999e-23	5.53e-20	5.89e-17	671	93	93	1023	3.15	70	75.27	246	24.05
52	db/CIS-BP_2.00/Homo_sapiens.meme	M07694_2.00	ZNF527	TYTCTGTYKCTKGCMMCCHNN	1.81e-22	1.14e-19	1.22e-16	632	93	93	1023	2.62	63	67.74	190	18.57
53	db/CIS-BP_2.00/Homo_sapiens.meme	M07697_2.00	ZNF79	TTAGAKATTMWTTTCTTT	6.26e-22	3.2e-19	3.41e-16	512	93	93	1023	1.33	77	82.8	327	31.96
54	db/CIS-BP_2.00/Homo_sapiens.meme	M08100_2.00	(ZFX)_(Mus_musculus)_(DBD_0.99)	SSSGSCBVGGCCTS	2.11e-21	1.26e-18	1.34e-15	598	93	93	1023	2.97	66	70.97	225	21.99
55	db/CIS-BP_2.00/Homo_sapiens.meme	M07716_2.00	ZNF398	CTSYYTCCCTCCCT	1.91e-21	1.29e-18	1.38e-15	677	93	93	1023	2.65	72	77.42	280	27.37
56	db/CIS-BP_2.00/Homo_sapiens.meme	M05607_2.00	RARA	RRGGTCANRRGGTCAN	2.2800000000000002e-21	1.47e-18	1.56e-15	642	93	93	1023	1.88	68	73.12	243	23.75
57	db/CIS-BP_2.00/Homo_sapiens.meme	M07610_2.00	PRDM9	SYTBYTDYBBCCYCCSTNVCCNCC	2.9900000000000004e-21	1.87e-18	1.99e-15	626	93	93	1023	2.23	80	86.02	371	36.27
58	db/CIS-BP_2.00/Homo_sapiens.meme	M03581_2.00	CPEB1	AATAAAAR	2.98e-21	1.9e-18	2.03e-15	640	93	93	1023	1.91	65	69.89	218	21.31
59	db/CIS-BP_2.00/Homo_sapiens.meme	M07614_2.00	ZNF180	CCSCASBCCCCDCCCSBCCCY	3.96e-21	1.96e-18	2.09e-15	495	93	93	1023	135	24	25.81	8	0.78
60	db/CIS-BP_2.00/Homo_sapiens.meme	M08066_2.00	CREB1	NVTGACGTCABN	1.5e-20	2.4e-18	2.55e-15	160	93	93	1023	1	49	52.69	110	10.75
61	db/CIS-BP_2.00/Homo_sapiens.meme	M07562_2.00	ZKSCAN2	RRAAAAAAC	6.22e-21	5.32e-18	5.67e-15	856	93	93	1023	1.78	57	61.29	159	15.54
62	db/CIS-BP_2.00/Homo_sapiens.meme	M04537_2.00	KLF13	NRCCACGCCCMCH	1.05e-20	5.33e-18	5.68e-15	506	93	93	1023	2.81	57	61.29	161	15.74
63	db/CIS-BP_2.00/Homo_sapiens.meme	M08088_2.00	KLF9	NSCCACACCCACH	1.08e-20	6.04e-18	6.44e-15	557	93	93	1023	3.58	49	52.69	109	10.65
64	db/CIS-BP_2.00/Homo_sapiens.meme	M07927_2.00	EGR1	CCSCSCYBCCGCCCMCGCVS	1.77e-20	6.08e-18	6.48e-15	344	93	93	1023	1.37	65	69.89	226	22.09
65	db/CIS-BP_2.00/Homo_sapiens.meme	M08096_2.00	SP1	GCCCCKCCCCY	1.05e-20	7.17e-18	7.63e-15	681	93	93	1023	2.65	76	81.72	331	32.36
66	db/CIS-BP_2.00/Homo_sapiens.meme	M08293_2.00	KLF1	SCMSRGCCMCRCCCH	3.59e-20	2.14e-17	2.28e-14	596	93	93	1023	4.75	53	56.99	138	13.49
67	db/CIS-BP_2.00/Homo_sapiens.meme	M04558_2.00	SP3	NRCCACGCCCMCH	6.73e-20	3.03e-17	3.23e-14	450	93	93	1023	2.41	56	60.22	161	15.74
68	db/CIS-BP_2.00/Homo_sapiens.meme	M07625_2.00	ZNF212	TCTCTCTCTCTCTCTCTCTCTCTCTCTCTC	1.31e-18	3.4e-17	3.62e-14	26	93	93	1023	3.15	20	21.51	5	0.49
69	db/CIS-BP_2.00/Homo_sapiens.meme	M03016_2.00	FOXJ2	GTAAACARTMAACA	3.95e-19	9.52e-17	1.01e-13	241	93	93	1023	1.01	58	62.37	183	17.89
70	db/CIS-BP_2.00/Homo_sapiens.meme	M07938_2.00	E2F1	VRRVRGVGCGCGCRS	3.95e-19	1.3e-16	1.38e-13	329	93	93	1023	1.62	58	62.37	183	17.89
71	db/CIS-BP_2.00/Homo_sapiens.meme	M02487_2.00	(HMG20B)_(Mus_musculus)_(DBD_0.94)	NWATTATWTWN	4.62e-19	1.6e-16	1.71e-13	347	93	93	1023	1.63	47	50.54	109	10.65
72	db/CIS-BP_2.00/Homo_sapiens.meme	M05827_2.00	XPA	GTGTGAGGTGB	3.27e-19	1.97e-16	2.1e-13	603	93	93	1023	2.12	54	58.06	153	14.96
73	db/CIS-BP_2.00/Homo_sapiens.meme	M07692_2.00	ZNF567	CATCTSWKKGTCTDYTTBTRTWKWBTKTTT	5.99e-19	2.6e-16	2.77e-13	434	93	93	1023	1.33	69	74.19	280	27.37
74	db/CIS-BP_2.00/Homo_sapiens.meme	M07684_2.00	ZNF197	YYTBYTYYTGWCYTT	2.97e-19	2.97e-16	3.16e-13	999	93	93	1023	3.7	52	55.91	139	13.59
75	db/CIS-BP_2.00/Homo_sapiens.meme	M00152_2.00	(ZBTB3)_(Mus_musculus)_(DBD_1.00)	CRCTGCANN	4.15e-19	3.2e-16	3.41e-13	772	93	93	1023	1.47	53	56.99	147	14.37
76	db/CIS-BP_2.00/Homo_sapiens.meme	M07778_2.00	ZNF224	TWYMMYYHGRDKCCAYWTGAYTYMMTKVGMTHMARY	2.22e-18	5.81e-16	6.18e-13	261	93	93	1023	5.84	30	32.26	32	3.13
77	db/CIS-BP_2.00/Homo_sapiens.meme	M03682_2.00	(SP5)_(Drosophila_melanogaster)_(DBD_0.94)	MBGCCACGCCCAGT	3.1e-18	6.23e-16	6.63e-13	201	93	93	1023	3.91	32	34.41	40	3.91
78	db/CIS-BP_2.00/Homo_sapiens.meme	M07592_2.00	ZFP14	CVYTCCDGDGCCTCC	1.07e-18	6.99e-16	7.44e-13	652	93	93	1023	1.82	75	80.65	346	33.82
79	db/CIS-BP_2.00/Homo_sapiens.meme	M07587_2.00	ZNF304	CCCCCKCCCCRVTCSRGCCYYSNS	4.08e-18	1.87e-15	1.99e-12	457	93	93	1023	1.87	67	72.04	271	26.49
80	db/CIS-BP_2.00/Homo_sapiens.meme	M07588_2.00	ZNF132	TCCTTCCCHCYBTCC	2.93e-18	2.05e-15	2.18e-12	700	93	93	1023	4.52	57	61.29	184	17.99
81	db/CIS-BP_2.00/Homo_sapiens.meme	M07595_2.00	RBAK	GSYYBYTYCTYYCSC	2.82e-18	2.48e-15	2.64e-12	880	93	93	1023	4.37	47	50.54	115	11.24
82	db/CIS-BP_2.00/Homo_sapiens.meme	M07736_2.00	ZNF84	YTKCCTGTTCHYDCYNYTYYC	6.36e-18	4.86e-15	5.18e-12	764	93	93	1023	2.17	68	73.12	283	27.66
83	db/CIS-BP_2.00/Homo_sapiens.meme	M08284_2.00	ZNF213	CGCCGCCYGVKKTCK	2.06e-17	5.94e-15	6.33e-12	289	93	93	1023	2.45	38	40.86	71	6.94
84	db/CIS-BP_2.00/Homo_sapiens.meme	M03042_2.00	FOXD2	DRTMAATATTWDYD	1.49e-17	6.05e-15	6.45e-12	407	93	93	1023	1.17	67	72.04	278	27.17
85	db/CIS-BP_2.00/Homo_sapiens.meme	M05545_2.00	IRF2	CGAAASYGAAAS	1.35e-17	6.89e-15	7.34e-12	511	93	93	1023	2.25	33	35.48	47	4.59
86	db/CIS-BP_2.00/Homo_sapiens.meme	M08299_2.00	KLF12	CCNGGCCMCGCCCCB	2.57e-17	1.25e-14	1.33e-11	486	93	93	1023	3.04	56	60.22	186	18.18
87	db/CIS-BP_2.00/Homo_sapiens.meme	M07689_2.00	ZNF383	RCCCAGGCYCCTTCCMYCTTGTKGCTC	5.24e-17	2.08e-14	2.21e-11	396	93	93	1023	1.56	65	69.89	266	26
88	db/CIS-BP_2.00/Homo_sapiens.meme	M04517_2.00	SP8	RCCACGCCCMCH	5.45e-17	2.71e-14	2.88e-11	497	93	93	1023	3.27	45	48.39	113	11.05
89	db/CIS-BP_2.00/Homo_sapiens.meme	M08019_2.00	STAT2	TTHAGTTTCRNTTTC	6.17e-17	3.01e-14	3.2e-11	487	93	93	1023	7.82	30	32.26	38	3.71
90	db/CIS-BP_2.00/Homo_sapiens.meme	M07979_2.00	MEF2A	NDKCYAAAAATAGMH	7.11e-17	4.1e-14	4.36e-11	576	93	93	1023	1.33	73	78.49	349	34.12
91	db/CIS-BP_2.00/Homo_sapiens.meme	M04645_2.00	SP9	RCCACGCCCMCY	7.88e-17	4.32e-14	4.6e-11	548	93	93	1023	3.09	50	53.76	147	14.37
92	db/CIS-BP_2.00/Homo_sapiens.meme	M04418_2.00	KLF3	GRCCRCGCCCH	1.25e-16	4.98e-14	5.31e-11	400	93	93	1023	1.98	49	52.69	142	13.88
93	db/CIS-BP_2.00/Homo_sapiens.meme	M07621_2.00	ZNF30	CAGCCGCCCCGTCCG	4.36e-16	8.16e-14	8.69e-11	187	93	93	1023	1.18	46	49.46	127	12.41
94	db/CIS-BP_2.00/Homo_sapiens.meme	M05549_2.00	IRF9	NCGAAACYGAAACYN	6.68e-16	1.24e-13	1.32e-10	186	93	93	1023	10.1	18	19.35	6	0.59
95	db/CIS-BP_2.00/Homo_sapiens.meme	M08387_2.00	ZBTB14	SCGCGCSCC	7.47e-16	1.25e-13	1.33e-10	167	93	93	1023	1.61	37	39.78	76	7.43
96	db/CIS-BP_2.00/Homo_sapiens.meme	M07729_2.00	ZNF780A	CCHRRCYRCCTGCCWRAHCCNSCB	2.11e-16	1.44e-13	1.53e-10	682	93	93	1023	2.66	67	72.04	293	28.64
97	db/CIS-BP_2.00/Homo_sapiens.meme	M00253_2.00	FOXC1	NGWATAAWHAA	4.76e-16	1.94e-13	2.07e-10	408	93	93	1023	1.09	66	70.97	288	28.15
98	db/CIS-BP_2.00/Homo_sapiens.meme	M07581_2.00	ZNF484	BYSCYTGTKCYBCWBTCCYYB	3.5e-16	2.8e-13	2.98e-10	800	93	93	1023	3.17	63	67.74	258	25.22
99	db/CIS-BP_2.00/Homo_sapiens.meme	M03344_2.00	BORCS8-MEF2B	RCTAWAAATAGM	1.66e-15	3.18e-13	3.38e-10	191	93	93	1023	1.03	47	50.54	139	13.59
100	db/CIS-BP_2.00/Homo_sapiens.meme	M07691_2.00	ZNF548	CCTGCHGSCRCCBYGVYCYBG	8.43e-16	4.38e-13	4.66e-10	519	93	93	1023	5.01	48	51.61	143	13.98
101	db/CIS-BP_2.00/Homo_sapiens.meme	M04637_2.00	ZNF580	CCTACCCTYDCCTACCCY	1.65e-15	8e-13	8.52e-10	484	93	93	1023	1.31	71	76.34	347	33.92
102	db/CIS-BP_2.00/Homo_sapiens.meme	M02898_2.00	SP7	RMCACGCCCMCY	2.12e-15	1.33e-12	1.42e-9	627	93	93	1023	2.13	62	66.67	259	25.32
103	db/CIS-BP_2.00/Homo_sapiens.meme	M07613_2.00	ZNF3	TCWNTYAKTCADTCA	4.15e-15	1.98e-12	2.11e-9	478	93	93	1023	1.25	67	72.04	311	30.4
104	db/CIS-BP_2.00/Homo_sapiens.meme	M08246_2.00	KLF10	GCCMCRCCCH	4.1e-15	2.59e-12	2.76e-9	631	93	93	1023	2.68	59	63.44	236	23.07
105	db/CIS-BP_2.00/Homo_sapiens.meme	M08279_2.00	ZNF37A	YYYCYYTCC	2.82e-15	2.9e-12	3.09e-9	1026	93	93	1023	3.69	43	46.24	115	11.24
106	db/CIS-BP_2.00/Homo_sapiens.meme	M08267_2.00	ZNF71	YAGTTTCRTTTTCY	8.05e-15	3.1e-12	3.3e-9	385	93	93	1023	1.63	55	59.14	206	20.14
107	db/CIS-BP_2.00/Homo_sapiens.meme	M07779_2.00	ZIM2	YCNTCCBCCYTCTYCTBCCVGCCTGKGGCC	2.74e-14	5.05e-12	5.38e-9	184	93	93	1023	2	39	41.94	99	9.68
108	db/CIS-BP_2.00/Homo_sapiens.meme	M08398_2.00	KLF14	GGCCMCGCCCMCYB	1.08e-14	5.91e-12	6.29e-9	547	93	93	1023	4.31	47	50.54	147	14.37
109	db/CIS-BP_2.00/Homo_sapiens.meme	M00285_2.00	VSX2	WATWTATTWHNN	2.62e-14	1.2e-11	1.27e-8	457	93	93	1023	1.76	41	44.09	111	10.85
110	db/CIS-BP_2.00/Homo_sapiens.meme	M07619_2.00	ZNF283	VGSCCVGSCCASAYCAGCCNRSCC	2.39e-14	1.28e-11	1.36e-8	534	93	93	1023	1.3	75	80.65	411	40.18
111	db/CIS-BP_2.00/Homo_sapiens.meme	M08321_2.00	ZNF281	BBCCCCTCCCCC	2.53e-14	1.55e-11	1.65e-8	611	93	93	1023	1.33	79	84.95	462	45.16
112	db/CIS-BP_2.00/Homo_sapiens.meme	M02665_2.00	RREB1	CCCCMAAMCAMCCMCMMMCV	4.6e-14	1.68e-11	1.79e-8	366	93	93	1023	1.89	53	56.99	199	19.45
113	db/CIS-BP_2.00/Homo_sapiens.meme	M04090_2.00	HES1	SVCACGYGCC	1.7e-13	2.26e-11	2.41e-8	133	93	93	1023	1.05	36	38.71	88	8.6
114	db/CIS-BP_2.00/Homo_sapiens.meme	M08318_2.00	ZNF394	BCHBCYCCAGCTACTCCTYY	4.16e-14	2.4e-11	2.56e-8	577	93	93	1023	1.26	75	80.65	415	40.57
115	db/CIS-BP_2.00/Homo_sapiens.meme	M00164_2.00	(FOXS1)_(Mus_musculus)_(DBD_0.79)	WNNRTAAAYA	4.41e-14	2.41e-11	2.57e-8	546	93	93	1023	1.24	62	66.67	277	27.08
116	db/CIS-BP_2.00/Homo_sapiens.meme	M05022_2.00	OTX1	NTAATCCB	1.64e-13	3.91e-11	4.16e-8	239	93	93	1023	1.52	19	20.43	14	1.37
117	db/CIS-BP_2.00/Homo_sapiens.meme	M08086_2.00	KLF5	GCCCCDCCCH	5.58e-14	4.03e-11	4.29e-8	723	93	93	1023	7.89	32	34.41	63	6.16
118	db/CIS-BP_2.00/Homo_sapiens.meme	M07761_2.00	ZNF90	CTGATTATTCACCCA	1.53e-13	4.03e-11	4.29e-8	263	93	93	1023	1.51	44	47.31	138	13.49
119	db/CIS-BP_2.00/Homo_sapiens.meme	M07677_2.00	ZNF566	SCCCGCCTCCYKTBCCGCYBB	2.32e-13	9.84e-11	1.05e-7	424	93	93	1023	1.03	68	73.12	348	34.02
120	db/CIS-BP_2.00/Homo_sapiens.meme	M07754_2.00	ZNF468	CRCCCCCTCCCH	2.11e-13	1.17e-10	1.25e-7	557	93	93	1023	1.13	77	82.8	452	44.18
121	db/CIS-BP_2.00/Homo_sapiens.meme	M08341_2.00	ZNF554	CWGRGYCABBTRGGKKRCTRN	2.08e-13	1.24e-10	1.32e-7	595	93	93	1023	2.37	57	61.29	241	23.56
122	db/CIS-BP_2.00/Homo_sapiens.meme	M02809_2.00	HES5	YGRCACGTGCCR	1.19e-12	1.34e-10	1.42e-7	112	93	93	1023	1.85	26	27.96	43	4.2
123	db/CIS-BP_2.00/Homo_sapiens.meme	M07594_2.00	ZNF300	CAKHCYSCCWHACRCMKCMCMCMYBMCAB	5.11e-13	1.39e-10	1.48e-7	272	93	93	1023	1.11	52	55.91	204	19.94
124	db/CIS-BP_2.00/Homo_sapiens.meme	M08298_2.00	KLF7	GGCCMCGCCCH	2.74e-13	1.43e-10	1.52e-7	522	93	93	1023	1.06	75	80.65	429	41.94
125	db/CIS-BP_2.00/Homo_sapiens.meme	M04214_2.00	TCF4	VCACCTGC	3.18e-13	2.15e-10	2.29e-7	678	93	93	1023	1.65	61	65.59	280	27.37
126	db/CIS-BP_2.00/Homo_sapiens.meme	M00161_2.00	(FOXJ1)_(Mus_musculus)_(DBD_1.00)	NRTAAACAAANN	3.11e-13	2.18e-10	2.32e-7	701	93	93	1023	3.41	21	22.58	21	2.05
127	db/CIS-BP_2.00/Homo_sapiens.meme	M02394_2.00	NR2E1	HGAGGTCARN	4.6e-13	2.52e-10	2.68e-7	547	93	93	1023	3.68	17	18.28	10	0.98
128	db/CIS-BP_2.00/Homo_sapiens.meme	M07980_2.00	MEF2C	DDKCYAAAAATAGMH	8.07e-13	4.73e-10	5.04e-7	587	93	93	1023	1.25	71	76.34	390	38.12
129	db/CIS-BP_2.00/Homo_sapiens.meme	M08252_2.00	ZNF415	CHGGCTCCAKCDYCB	9.96e-13	6.06e-10	6.45e-7	608	93	93	1023	2.01	55	59.14	233	22.78
130	db/CIS-BP_2.00/Homo_sapiens.meme	M07664_2.00	ZNF716	WADNTTNVTMTTTCY	9e-13	6.18e-10	6.58e-7	687	93	93	1023	1.4	73	78.49	414	40.47
131	db/CIS-BP_2.00/Homo_sapiens.meme	M07931_2.00	ZNF143	RACTACAAYTCCCAG	4.12e-12	7.78e-10	8.29e-7	189	93	93	1023	1.45	34	36.56	88	8.6
132	db/CIS-BP_2.00/Homo_sapiens.meme	M01983_2.00	(FOXB2)_(Mus_musculus)_(DBD_0.93)	TRTTTACWYW	1.65e-12	8.04e-10	8.57e-7	487	93	93	1023	1.28	53	56.99	219	21.41
133	db/CIS-BP_2.00/Homo_sapiens.meme	M07679_2.00	ZNF284	TGCGATCWY	6.98e-12	9.49e-10	1.01e-6	136	93	93	1023	1.02	35	37.63	96	9.38
134	db/CIS-BP_2.00/Homo_sapiens.meme	M07666_2.00	ZNF662	RKCTAGCCCYBKCCTACC	1.8e-12	1.09e-9	1.16e-6	604	93	93	1023	1.49	67	72.04	352	34.41
135	db/CIS-BP_2.00/Homo_sapiens.meme	M07745_2.00	ZNF480	HMCWCATTCCYH	1.29e-12	1.21e-9	1.29e-6	938	93	93	1023	1.36	87	93.55	615	60.12
136	db/CIS-BP_2.00/Homo_sapiens.meme	M07926_2.00	BCL11A	BTTTCASTTCCYCHT	1.81e-12	1.35e-9	1.44e-6	746	93	93	1023	1.15	84	90.32	568	55.52
137	db/CIS-BP_2.00/Homo_sapiens.meme	M02775_2.00	TCF3	HRCACCTGBN	1.86e-12	1.36e-9	1.45e-6	730	93	93	1023	1.49	70	75.27	385	37.63
138	db/CIS-BP_2.00/Homo_sapiens.meme	M03335_2.00	IRF8	HCGAAACCGAAACY	9.42e-12	1.39e-9	1.49e-6	148	93	93	1023	6.42	16	17.2	11	1.08
139	db/CIS-BP_2.00/Homo_sapiens.meme	M07723_2.00	ZNF860	SBBYTGCTCCCTGCY	2.22e-12	1.51e-9	1.61e-6	678	93	93	1023	2.09	66	70.97	343	33.53
140	db/CIS-BP_2.00/Homo_sapiens.meme	M04191_2.00	HES7	NVCRCGTGCC	1.15e-11	1.58e-9	1.68e-6	138	93	93	1023	1.05	35	37.63	98	9.58
141	db/CIS-BP_2.00/Homo_sapiens.meme	M02821_2.00	MGA	AGGTGTGA	4.62e-12	1.78e-9	1.9e-6	386	93	93	1023	1.98	32	34.41	77	7.53
142	db/CIS-BP_2.00/Homo_sapiens.meme	M08091_2.00	KLF4	MCACACCCTNN	3.32e-12	1.92e-9	2.05e-6	580	93	93	1023	1.53	60	64.52	286	27.96
143	db/CIS-BP_2.00/Homo_sapiens.meme	M01931_2.00	DMRT2	KAATKTATWN	5.28e-12	2.15e-9	2.29e-6	407	93	93	1023	1.29	53	56.99	226	22.09
144	db/CIS-BP_2.00/Homo_sapiens.meme	M04060_2.00	HES2	GRCACGTGCC	2.48e-11	3.02e-9	3.22e-6	122	93	93	1023	1	33	35.48	89	8.7
145	db/CIS-BP_2.00/Homo_sapiens.meme	M03552_2.00	TBX5	AGGTGTKA	5.04e-12	3.13e-9	3.34e-6	622	93	93	1023	1.44	45	48.39	162	15.84
146	db/CIS-BP_2.00/Homo_sapiens.meme	M07602_2.00	ZNF18	RGTGTGAACNSGNKN	6.19e-12	3.35e-9	3.57e-6	542	93	93	1023	1.15	69	74.19	383	37.44
147	db/CIS-BP_2.00/Homo_sapiens.meme	M07774_2.00	ZNF10	CCCTACCTC	9.82e-12	5.31e-9	5.66e-6	541	93	93	1023	1.55	63	67.74	323	31.57
148	db/CIS-BP_2.00/Homo_sapiens.meme	M03337_2.00	IRF7	HCGAAARYGAAAVT	2.77e-11	5.71e-9	6.08e-6	206	93	93	1023	1.41	36	38.71	108	10.56
149	db/CIS-BP_2.00/Homo_sapiens.meme	M07939_2.00	E2F6	NRGGCGGGARV	1.21e-11	6.14e-9	6.54e-6	507	93	93	1023	1.58	58	62.37	276	26.98
150	db/CIS-BP_2.00/Homo_sapiens.meme	M05383_2.00	DMBX1	NTAATCCB	5.59e-11	6.32e-9	6.73e-6	113	93	93	1023	1.12	20	21.51	27	2.64
151	db/CIS-BP_2.00/Homo_sapiens.meme	M05799_2.00	TBX2	NYSACACSHN	2.39e-11	7.25e-9	7.72e-6	303	93	93	1023	1.18	41	44.09	141	13.78
152	db/CIS-BP_2.00/Homo_sapiens.meme	M00220_2.00	SNAI2	SCACCTGY	1.17e-11	8.89e-9	9.47e-6	762	93	93	1023	1.65	51	54.84	214	20.92
153	db/CIS-BP_2.00/Homo_sapiens.meme	M08035_2.00	TP73	RCADGYYCWGRCATG	1.62e-11	8.93e-9	9.51e-6	552	93	93	1023	1.61	60	64.52	297	29.03
154	db/CIS-BP_2.00/Homo_sapiens.meme	M04457_2.00	KLF16	VCCMCGCCCM	2.04e-11	1.29e-8	1.37e-5	632	93	93	1023	1.21	76	81.72	476	46.53
155	db/CIS-BP_2.00/Homo_sapiens.meme	M07671_2.00	ZNF93	DNNNSCKGBSYTGCAGCARBSNCTGCTGCTDCCHBNNBB	2.89e-11	1.3e-8	1.39e-5	451	93	93	1023	3.04	49	52.69	203	19.84
156	db/CIS-BP_2.00/Homo_sapiens.meme	M00779_2.00	(KLF8)_(Mus_musculus)_(DBD_1.00)	NMCMCRCCCN	2.89e-11	1.9e-8	2.02e-5	657	93	93	1023	1.43	63	67.74	331	32.36
157	db/CIS-BP_2.00/Homo_sapiens.meme	M07620_2.00	ZNF558	TKGGATHTGTRGATTCATGYCTTTCAT	1.05e-10	2.5e-8	2.67e-5	239	93	93	1023	1.73	36	38.71	114	11.14
158	db/CIS-BP_2.00/Homo_sapiens.meme	M08080_2.00	ZEB2	BNCACCTGSNN	4.39e-11	3.08e-8	3.28e-5	703	93	93	1023	1.91	58	62.37	285	27.86
159	db/CIS-BP_2.00/Homo_sapiens.meme	M07563_2.00	ZNF263	CTCCTCCCY	4.64e-11	3.42e-8	3.64e-5	737	93	93	1023	1.46	77	82.8	496	48.48
160	db/CIS-BP_2.00/Homo_sapiens.meme	M07676_2.00	ZNF267	CCKCYSCACMKGCCBBCRGSN	6.73e-11	3.43e-8	3.66e-5	510	93	93	1023	1.09	71	76.34	425	41.54
161	db/CIS-BP_2.00/Homo_sapiens.meme	M04997_2.00	PITX3	HTAATCCV	7.8e-11	3.48e-8	3.7e-5	446	93	93	1023	2.15	12	12.9	4	0.39
162	db/CIS-BP_2.00/Homo_sapiens.meme	M08382_2.00	ZNF677	NDGCTGTTCTTDTYDGKKTYC	8.84e-11	4e-8	4.26e-5	453	93	93	1023	1.02	67	72.04	382	37.34
163	db/CIS-BP_2.00/Homo_sapiens.meme	M08275_2.00	ZFP64	SRBTCCCGGGSCCCS	1.03e-10	4.39e-8	4.68e-5	426	93	93	1023	7.73	30	32.26	77	7.53
164	db/CIS-BP_2.00/Homo_sapiens.meme	M08287_2.00	PATZ1	CCCCDCCC	6.43e-11	4.56e-8	4.85e-5	709	93	93	1023	6.35	34	36.56	99	9.68
165	db/CIS-BP_2.00/Homo_sapiens.meme	M08250_2.00	ZNF35	TTGTARGAGCTCTTTATATAT	6.39e-10	5.11e-8	5.44e-5	80	93	93	1023	3.7	15	16.13	14	1.37
166	db/CIS-BP_2.00/Homo_sapiens.meme	M05132_2.00	RHOXF2	YTAATCCH	1.34e-10	6.28e-8	6.69e-5	467	93	93	1023	1.86	19	20.43	25	2.44
167	db/CIS-BP_2.00/Homo_sapiens.meme	M07731_2.00	ZNF44	NTTCYCHRCAGCARBANCNNBSVSBNCBNN	1.46e-10	6.52e-8	6.95e-5	446	93	93	1023	4.69	35	37.63	109	10.65
168	db/CIS-BP_2.00/Homo_sapiens.meme	M07582_2.00	ZNF557	TCCCTG	7.91e-11	7.88e-8	8.39e-5	996	93	93	1023	2.57	48	51.61	201	19.65
169	db/CIS-BP_2.00/Homo_sapiens.meme	M07738_2.00	ZNF649	TTATAT	3.42e-10	9.17e-8	9.76e-5	268	93	93	1023	1.11	44	47.31	178	17.4
170	db/CIS-BP_2.00/Homo_sapiens.meme	M08290_2.00	MAZ	SCCCCKCCC	2.22e-10	1.48e-7	1.58e-4	667	93	93	1023	1.94	69	74.19	412	40.27
171	db/CIS-BP_2.00/Homo_sapiens.meme	M04607_2.00	SNAI3	TRCACCTGYY	3.28e-10	1.72e-7	1.83e-4	524	93	93	1023	1.27	63	67.74	350	34.21
172	db/CIS-BP_2.00/Homo_sapiens.meme	M07734_2.00	ZNF311	GVMGCHGCAGCNSCKGSYGCS	6.73e-10	1.82e-7	1.93e-4	270	93	93	1023	1.66	41	44.09	159	15.54
173	db/CIS-BP_2.00/Homo_sapiens.meme	M05801_2.00	TBX3	DAGGTGTSAN	5.3e-10	1.95e-7	2.08e-4	368	93	93	1023	1.25	33	35.48	102	9.97
174	db/CIS-BP_2.00/Homo_sapiens.meme	M07601_2.00	ZNF776	CAGATGCCRGCRYYRTGCTTC	1.06e-9	2.6e-7	2.77e-4	245	93	93	1023	1.09	44	47.31	185	18.08
175	db/CIS-BP_2.00/Homo_sapiens.meme	M04529_2.00	ZNF444	NCGTCCCCCTCCCCCH	7.24e-10	2.65e-7	2.82e-4	366	93	93	1023	1.03	58	62.37	306	29.91
176	db/CIS-BP_2.00/Homo_sapiens.meme	M07611_2.00	ZNF12	BNYTYSTYNCWGCAGCDS	4.95e-10	2.67e-7	2.84e-4	539	93	93	1023	1.42	62	66.67	343	33.53
177	db/CIS-BP_2.00/Homo_sapiens.meme	M07713_2.00	ZNF585A	TCTGTWYTC	5.26e-10	2.79e-7	2.97e-4	530	93	93	1023	1.28	55	59.14	275	26.88
178	db/CIS-BP_2.00/Homo_sapiens.meme	M07759_2.00	ZNF611	GGAGCGCCBSNGCCSGSC	7.19e-10	3.13e-7	3.33e-4	435	93	93	1023	1.02	64	68.82	367	35.87
179	db/CIS-BP_2.00/Homo_sapiens.meme	M08303_2.00	SNAI1	SVMTGCACCTGCYNS	7.55e-10	4.02e-7	4.28e-4	532	93	93	1023	1.22	66	70.97	389	38.03
180	db/CIS-BP_2.00/Homo_sapiens.meme	M02790_2.00	HEY2	GGCACGTGYC	2.83e-9	4.16e-7	4.43e-4	147	93	93	1023	1.02	33	35.48	110	10.75
181	db/CIS-BP_2.00/Homo_sapiens.meme	M03558_2.00	TBX4	AGGTGTGA	9.3e-10	4.2e-7	4.48e-4	452	93	93	1023	1.17	54	58.06	270	26.39
182	db/CIS-BP_2.00/Homo_sapiens.meme	M04150_2.00	HAND2	AACACCTGCD	9.64e-10	4.23e-7	4.51e-4	439	93	93	1023	1.28	56	60.22	289	28.25
183	db/CIS-BP_2.00/Homo_sapiens.meme	M03034_2.00	FOXL1	RTAAACA	1.33e-9	5.56e-7	5.92e-4	417	93	93	1023	1.22	47	50.54	211	20.63
184	db/CIS-BP_2.00/Homo_sapiens.meme	M08365_2.00	ZSCAN30	GCCWGSRGCCHBSVS	1.23e-9	7.96e-7	8.48e-4	645	93	93	1023	4.49	45	48.39	194	18.96
185	db/CIS-BP_2.00/Homo_sapiens.meme	M05797_2.00	TBX18	DRAGGTGTGAAR	2.45e-9	1.43e-6	0.00153	585	93	93	1023	1.33	57	61.29	306	29.91
186	db/CIS-BP_2.00/Homo_sapiens.meme	M07845_2.00	PRDM1	BCACTTTCACTTTYH	2.81e-9	1.8e-6	0.00192	642	93	93	1023	1.93	51	54.84	251	24.54
187	db/CIS-BP_2.00/Homo_sapiens.meme	M07750_2.00	ZNF789	CTYCTGACACCA	5.98e-9	3.21e-6	0.00342	536	93	93	1023	1.07	68	73.12	430	42.03
188	db/CIS-BP_2.00/Homo_sapiens.meme	M03036_2.00	FOXC2	WGTMAATATTKACH	1.15e-8	3.76e-6	0.00401	328	93	93	1023	1.11	48	51.61	235	22.97
189	db/CIS-BP_2.00/Homo_sapiens.meme	M07757_2.00	ZNF783	CSGCGKCC	2.17e-8	4.12e-6	0.00438	190	93	93	1023	2.65	23	24.73	58	5.67
190	db/CIS-BP_2.00/Homo_sapiens.meme	M07755_2.00	ZNF616	TCRYGCTCACCYNYN	1.16e-8	4.65e-6	0.00495	399	93	93	1023	1.04	58	62.37	329	32.16
191	db/CIS-BP_2.00/Homo_sapiens.meme	M08048_2.00	SREBF1	VTCACCCCAY	1.61e-8	6.01e-6	0.0064	374	93	93	1023	1.39	43	46.24	195	19.06
192	db/CIS-BP_2.00/Homo_sapiens.meme	M04152_2.00	HEY1	GRCACGTGCM	6.28e-8	6.72e-6	0.00716	107	93	93	1023	1.01	26	27.96	80	7.82
193	db/CIS-BP_2.00/Homo_sapiens.meme	M04845_2.00	FOXE1	BVYTAAAYAAACAAH	2.22e-8	6.83e-6	0.00727	307	93	93	1023	1.04	49	52.69	249	24.34
194	db/CIS-BP_2.00/Homo_sapiens.meme	M04205_2.00	FIGLA	HMCACCTGB	1.07e-8	7.63e-6	0.00812	714	93	93	1023	1.1	80	86.02	588	57.48
195	db/CIS-BP_2.00/Homo_sapiens.meme	M07937_2.00	ZBTB7A	CNSVGMCCCYYSCCC	1.25e-8	7.77e-6	0.00828	624	93	93	1023	1.11	75	80.65	522	51.03
196	db/CIS-BP_2.00/Homo_sapiens.meme	M08349_2.00	EGR3	CKCCCCCDC	1.49e-8	8.6e-6	0.00916	579	93	93	1023	9.08	11	11.83	7	0.68
197	db/CIS-BP_2.00/Homo_sapiens.meme	M06446_2.00	(SMAD9)_(Drosophila_melanogaster)_(DBD_0.91)	GCGHCGSCVG	4.07e-8	8.67e-6	0.00923	213	93	93	1023	2.76	14	15.05	18	1.76
198	db/CIS-BP_2.00/Homo_sapiens.meme	M07685_2.00	ZFP69B	BTTTCCAGCCAC	2.01e-8	1.11e-5	0.0118	552	93	93	1023	1.04	70	75.27	465	45.45
199	db/CIS-BP_2.00/Homo_sapiens.meme	M07603_2.00	ZNF19	TBCNCCGTCAGDRCCCYW	1.66e-8	1.14e-5	0.0121	685	93	93	1023	1.49	66	70.97	417	40.76
200	db/CIS-BP_2.00/Homo_sapiens.meme	M07842_2.00	ZEB1	CWCACCTG	1.86e-8	1.28e-5	0.0136	685	93	93	1023	1.42	64	68.82	396	38.71
201	db/CIS-BP_2.00/Homo_sapiens.meme	M08281_2.00	ZNF586	CCTCYRGGCCTG	3.6e-8	1.44e-5	0.0154	401	93	93	1023	1.04	57	61.29	329	32.16
202	db/CIS-BP_2.00/Homo_sapiens.meme	M07695_2.00	ZNF33A	GTGBCT	1.9e-8	1.53e-5	0.0163	805	93	93	1023	1.06	82	88.17	623	60.9
203	db/CIS-BP_2.00/Homo_sapiens.meme	M08302_2.00	EGR2	CGCCCMCDC	3.54e-8	1.65e-5	0.0175	465	93	93	1023	7.81	12	12.9	11	1.08
204	db/CIS-BP_2.00/Homo_sapiens.meme	M08177_2.00	NRF1	GCGCVTGCGCR	9.08e-8	1.65e-5	0.0176	182	93	93	1023	2.53	22	23.66	58	5.67
205	db/CIS-BP_2.00/Homo_sapiens.meme	M02796_2.00	NHLH1	CGCAGCTGCS	4.17e-8	1.68e-5	0.0178	402	93	93	1023	3.85	22	23.66	55	5.38
206	db/CIS-BP_2.00/Homo_sapiens.meme	M07942_2.00	E2F4	GGCGGGAARWTBVRR	5.19e-8	1.73e-5	0.0184	333	93	93	1023	1.09	50	53.76	265	25.9
207	db/CIS-BP_2.00/Homo_sapiens.meme	M02773_2.00	TFE3	VBCACGTGAY	1.24e-7	1.74e-5	0.0185	140	93	93	1023	1.09	25	26.88	77	7.53
208	db/CIS-BP_2.00/Homo_sapiens.meme	M07604_2.00	ZNF222	GCTGASATB	2.56e-8	1.88e-5	0.02	735	93	93	1023	2.27	25	26.88	70	6.84
209	db/CIS-BP_2.00/Homo_sapiens.meme	M02794_2.00	MESP1	HRCACCTGBN	2.79e-8	2.09e-5	0.0223	750	93	93	1023	1.37	66	70.97	422	41.25
210	db/CIS-BP_2.00/Homo_sapiens.meme	M08109_2.00	E2F5	GGGCGGGARVN	8.83e-8	2.97e-5	0.0316	336	93	93	1023	1.46	44	47.31	216	21.11
211	db/CIS-BP_2.00/Homo_sapiens.meme	M00451_2.00	(DBX1)_(Mus_musculus)_(DBD_0.96)	ATTAATTA	1.06e-7	4.31e-5	0.046	406	93	93	1023	1.07	55	59.14	319	31.18
212	db/CIS-BP_2.00/Homo_sapiens.meme	M01659_2.00	(ARID3B)_(Mus_musculus)_(DBD_1.00)	NTWATTAATWT	9.43e-8	4.32e-5	0.046	458	93	93	1023	1.01	62	66.67	390	38.12
213	db/CIS-BP_2.00/Homo_sapiens.meme	M01726_2.00	(HES4)_(Mus_musculus)_(DBD_0.91)	NVCACGYGNN	3.97e-7	7.18e-5	0.0765	181	93	93	1023	1.02	32	34.41	131	12.81
214	db/CIS-BP_2.00/Homo_sapiens.meme	M07947_2.00	ELF1	VVVASCCGGAAGYGS	2.14e-7	7.25e-5	0.0772	338	93	93	1023	1.54	37	39.78	165	16.13
215	db/CIS-BP_2.00/Homo_sapiens.meme	M08093_2.00	ZNF24	CATTCATTCATTC	2.86e-7	7.56e-5	0.0805	264	93	93	1023	3.44	21	22.58	57	5.57
216	db/CIS-BP_2.00/Homo_sapiens.meme	M00116_2.00	(ARID5A)_(Mus_musculus)_(DBD_1.00)	NMAATATTANN	2.01e-7	7.98e-5	0.0849	396	93	93	1023	1.02	56	60.22	335	32.75
217	db/CIS-BP_2.00/Homo_sapiens.meme	M02774_2.00	MNT	RVCACGTGMH	6.27e-7	8.33e-5	0.0887	133	93	93	1023	1.34	19	20.43	49	4.79
218	db/CIS-BP_2.00/Homo_sapiens.meme	M08364_2.00	ZBTB6	SYGGCTCCAGCRYCB	1.53e-7	9.09e-5	0.0968	596	93	93	1023	1.54	59	63.44	363	35.48
219	db/CIS-BP_2.00/Homo_sapiens.meme	M08231_2.00	TBP	TATTTGCATA	2.14e-7	9.71e-5	0.103	453	93	93	1023	2.31	19	20.43	45	4.4
220	db/CIS-BP_2.00/Homo_sapiens.meme	M04483_2.00	ZSCAN1	NYGCACACVCTGAMAAH	5.46e-7	1.01e-4	0.108	185	93	93	1023	2.89	20	21.51	54	5.28
221	db/CIS-BP_2.00/Homo_sapiens.meme	M01722_2.00	(HEYL)_(Mus_musculus)_(DBD_0.91)	RCACGTGNC	1.13e-6	1.04e-4	0.11	92	93	93	1023	1	22	23.66	69	6.74
222	db/CIS-BP_2.00/Homo_sapiens.meme	M08351_2.00	ZBTB42	CRCAKCTGG	1.62e-7	1.09e-4	0.116	670	93	93	1023	3.05	27	29.03	91	8.9
223	db/CIS-BP_2.00/Homo_sapiens.meme	M04461_2.00	EGR4	YMCGCCCACGCAH	7.32e-7	1.11e-4	0.119	152	93	93	1023	1.97	21	22.58	61	5.96
224	db/CIS-BP_2.00/Homo_sapiens.meme	M03312_2.00	POU4F1	ATGMATAATTAATG	3.03e-7	1.18e-4	0.126	390	93	93	1023	1.05	54	58.06	319	31.18
225	db/CIS-BP_2.00/Homo_sapiens.meme	M07790_2.00	MXI1	VVVVCCACGTG	6.74e-7	1.19e-4	0.126	176	93	93	1023	1.27	26	27.96	92	8.99
226	db/CIS-BP_2.00/Homo_sapiens.meme	M07714_2.00	ZNF429	WRCCCATTKNBKCCTMTGCCH	2.94e-7	1.57e-4	0.168	535	93	93	1023	1.06	66	70.97	446	43.6
227	db/CIS-BP_2.00/Homo_sapiens.meme	M07701_2.00	ZNF765	CCTSGGCHRVGCMCTGSC	3.09e-7	1.69e-4	0.18	547	93	93	1023	6.3	29	31.18	108	10.56
228	db/CIS-BP_2.00/Homo_sapiens.meme	M07829_2.00	JUNB	NDRTGASTCATNYHY	5.41e-7	1.71e-4	0.182	317	93	93	1023	1.01	48	51.61	267	26.1
229	db/CIS-BP_2.00/Homo_sapiens.meme	M05283_2.00	IRX1	DACAYRNNDWNNYRTGTH	2.76e-6	1.82e-4	0.194	66	93	93	1023	1.05	13	13.98	24	2.35
230	db/CIS-BP_2.00/Homo_sapiens.meme	M08111_2.00	FLI1	GGAAGGAAGGAAGGAAGG	2.1e-6	2.02e-4	0.215	96	93	93	1023	4.85	12	12.9	19	1.86
231	db/CIS-BP_2.00/Homo_sapiens.meme	M07722_2.00	ZNF675	NCRTTTTGKCCYCCKRDBCCYSYNNBC	4.45e-7	2.04e-4	0.217	458	93	93	1023	1.87	45	48.39	238	23.26
232	db/CIS-BP_2.00/Homo_sapiens.meme	M07660_2.00	ZNF792	CSGBGCCTABCTGVGGGCGCDGGCBTGRNG	4.05e-6	2.31e-4	0.246	57	93	93	1023	1.48	16	17.2	40	3.91
233	db/CIS-BP_2.00/Homo_sapiens.meme	M08257_2.00	ZBTB18	NCGCAGCTGCGB	6.27e-7	2.52e-4	0.269	403	93	93	1023	4.45	19	20.43	49	4.79
234	db/CIS-BP_2.00/Homo_sapiens.meme	M04124_2.00	ARNTL	RTCACGTGHN	2.82e-6	2.59e-4	0.276	92	93	93	1023	1.98	10	10.75	12	1.17
235	db/CIS-BP_2.00/Homo_sapiens.meme	M07944_2.00	SPI1	NRAAAGAGGAASTGARAVH	5.46e-7	2.61e-4	0.278	477	93	93	1023	1.05	62	66.67	408	39.88
236	db/CIS-BP_2.00/Homo_sapiens.meme	M02907_2.00	HINFP	CARCGTCCGCKN	2.05e-6	2.62e-4	0.279	128	93	93	1023	2.39	11	11.83	15	1.47
237	db/CIS-BP_2.00/Homo_sapiens.meme	M07978_2.00	IRF4	DNWSNRGAAVTGAVWSWD	3.9e-7	2.73e-4	0.29	700	93	93	1023	1.19	66	70.97	449	43.89
238	db/CIS-BP_2.00/Homo_sapiens.meme	M07651_2.00	ZNF454	CRKRMRCCCVYCRGGGCCBRGAGCCWTTK	1.11e-6	2.85e-4	0.303	256	93	93	1023	6.75	20	21.51	57	5.57
239	db/CIS-BP_2.00/Homo_sapiens.meme	M05428_2.00	PAX2	NCGTCACGCWYSRVYGCNYN	2.65e-6	4.1e-4	0.437	155	93	93	1023	1.35	21	22.58	67	6.55
240	db/CIS-BP_2.00/Homo_sapiens.meme	M08283_2.00	MYNN	GRCTYTTATTTT	9.21e-7	4.95e-4	0.527	537	93	93	1023	1	67	72.04	470	45.94
241	db/CIS-BP_2.00/Homo_sapiens.meme	M02666_2.00	ZNF354C	MTCCAC	7.34e-7	5.22e-4	0.556	712	93	93	1023	1.45	36	38.71	166	16.23
242	db/CIS-BP_2.00/Homo_sapiens.meme	M06514_2.00	(IRX6)_(Drosophila_melanogaster)_(DBD_0.98)	WAACA	9.57e-7	5.27e-4	0.561	551	93	93	1023	1.19	47	50.54	263	25.71
243	db/CIS-BP_2.00/Homo_sapiens.meme	M05134_2.00	GSC	HTAATCCS	3.15e-6	6.08e-4	0.648	193	93	93	1023	1.19	18	19.35	50	4.89
244	db/CIS-BP_2.00/Homo_sapiens.meme	M07822_2.00	ATF3	GGTCACGTGRS	6.38e-6	6.64e-4	0.707	104	93	93	1023	1.01	22	23.66	78	7.62
245	db/CIS-BP_2.00/Homo_sapiens.meme	M04551_2.00	KLF17	MMCCACGCACCCMTY	1.79e-6	6.89e-4	0.734	386	93	93	1023	2.04	37	39.78	181	17.69
246	db/CIS-BP_2.00/Homo_sapiens.meme	M07657_2.00	ZNF816	NCCYBGCATGTCCCCMYYHYT	1.37e-6	6.98e-4	0.743	509	93	93	1023	2.34	44	47.31	239	23.36
247	db/CIS-BP_2.00/Homo_sapiens.meme	M08372_2.00	ZNF140	CAATTCYGCTCHNNBHYNNNNNYC	1.46e-6	7.35e-4	0.782	502	93	93	1023	1.23	56	60.22	355	34.7
248	db/CIS-BP_2.00/Homo_sapiens.meme	M07707_2.00	ZNF846	TCCCGS	2.58e-6	8.2e-4	0.873	318	93	93	1023	1.29	37	39.78	184	17.99
249	db/CIS-BP_2.00/Homo_sapiens.meme	M08059_2.00	SREBF2	RTCACCCCAY	2.36e-6	9.97e-4	1.06	423	93	93	1023	1.83	33	35.48	151	14.76
250	db/CIS-BP_2.00/Homo_sapiens.meme	M04207_2.00	ASCL2	VRCAGCTGYB	1.49e-6	0.00106	1.13	713	93	93	1023	1.74	55	59.14	345	33.72
251	db/CIS-BP_2.00/Homo_sapiens.meme	M04272_2.00	FOSB	GATGACGTCATC	1.75e-5	0.00113	1.21	65	93	93	1023	1.05	16	17.2	46	4.5
252	db/CIS-BP_2.00/Homo_sapiens.meme	M07652_2.00	ZNF543	SGSCCCCTCCCS	2.28e-6	0.00129	1.38	569	93	93	1023	7.75	27	29.03	106	10.36
253	db/CIS-BP_2.00/Homo_sapiens.meme	M07668_2.00	ZNF530	BBCYGSCCCTBKCCYTKC	2.36e-6	0.00144	1.53	608	93	93	1023	1.75	58	62.37	381	37.24
254	db/CIS-BP_2.00/Homo_sapiens.meme	M03332_2.00	IRF5	CCGAAACCGAAACY	9.5e-6	0.00152	1.62	160	93	93	1023	1.66	19	20.43	61	5.96
255	db/CIS-BP_2.00/Homo_sapiens.meme	M07721_2.00	ZNF786	CTGGGRC	2.06e-6	0.00175	1.86	848	93	93	1023	2.57	46	49.46	261	25.51
256	db/CIS-BP_2.00/Homo_sapiens.meme	M07593_2.00	ZNF614	AGMTSARRTCABYMBTCWNRY	7.77e-6	0.0018600000000000001	1.98	240	93	93	1023	1.02	38	40.86	202	19.75
257	db/CIS-BP_2.00/Homo_sapiens.meme	M08324_2.00	OSR2	VCDGCTNCTGN	2.48e-6	0.00198	2.11	799	93	93	1023	1.4	69	74.19	505	49.36
258	db/CIS-BP_2.00/Homo_sapiens.meme	M04170_2.00	ARNT2	GTCACGTGMN	2.58e-5	0.00217	2.31	84	93	93	1023	2.03	10	10.75	17	1.66
259	db/CIS-BP_2.00/Homo_sapiens.meme	M07762_2.00	ZNF891	NSNGYBCNSVGGCTTCYAGCC	3.9e-6	0.00218	2.32	559	93	93	1023	1.72	53	56.99	335	32.75
260	db/CIS-BP_2.00/Homo_sapiens.meme	M04129_2.00	CLOCK	RMCACGTGYN	2.22e-5	0.00224	2.39	101	93	93	1023	1.2	17	18.28	53	5.18
261	db/CIS-BP_2.00/Homo_sapiens.meme	M03355_2.00	RARB	AAAGGTCAARAGGTCA	2.68e-5	0.00252	2.68	94	93	93	1023	1.04	20	21.51	73	7.14
262	db/CIS-BP_2.00/Homo_sapiens.meme	M08354_2.00	ZNF594	MGCVGCTCTCACMHY	5.14e-6	0.00272	2.9	530	93	93	1023	1.48	53	56.99	338	33.04
263	db/CIS-BP_2.00/Homo_sapiens.meme	M01743_2.00	(MLXIP)_(Mus_musculus)_(DBD_0.82)	MCACGTGV	2.04e-5	0.00273	2.9	134	93	93	1023	2.57	5	5.38	1	0.1
264	db/CIS-BP_2.00/Homo_sapiens.meme	M04527_2.00	ZNF23	DCRCCCATGGCCGCGMCMV	1.66e-5	0.00283	3.01	170	93	93	1023	1.28	26	27.96	112	10.95
265	db/CIS-BP_2.00/Homo_sapiens.meme	M04915_2.00	BARX2	NTAATKRTTWWN	6.51e-6	0.00284	3.02	437	93	93	1023	1.24	45	48.39	263	25.71
266	db/CIS-BP_2.00/Homo_sapiens.meme	M07805_2.00	TCF12	VSAGCAGSTGB	4.36e-6	0.00313	3.34	719	93	93	1023	1.24	73	78.49	561	54.84
267	db/CIS-BP_2.00/Homo_sapiens.meme	M08333_2.00	ZNF768	CTTAACCTCTCTGDG	9.17e-6	0.00323	3.44	353	93	93	1023	1.5	40	43.01	221	21.6
268	db/CIS-BP_2.00/Homo_sapiens.meme	M07791_2.00	MAX	SNSCACGTGRYHB	2.02e-5	0.00325	3.46	161	93	93	1023	1.44	21	22.58	78	7.62
269	db/CIS-BP_2.00/Homo_sapiens.meme	M07675_2.00	ZNF74	AACAAYRCTGCARTGAACATC	9.4e-5	0.00328	3.5	35	93	93	1023	5.74	6	6.45	5	0.49
270	db/CIS-BP_2.00/Homo_sapiens.meme	M07589_2.00	ZNF189	YBKCYSTTCCHB	4.24e-6	0.00332	3.53	783	93	93	1023	2.09	51	54.84	316	30.89
271	db/CIS-BP_2.00/Homo_sapiens.meme	M07959_2.00	FOXA2	NMWRWGTAAACANNN	6.46e-6	0.00341	3.63	528	93	93	1023	1.03	63	67.74	447	43.7
272	db/CIS-BP_2.00/Homo_sapiens.meme	M04837_2.00	FOXB1	HWRWGYAAATATTKACWTWR	1.96e-5	0.00341	3.63	174	93	93	1023	26.4	6	6.45	3	0.29
273	db/CIS-BP_2.00/Homo_sapiens.meme	M04823_2.00	FOXQ1	YTAHRTAAACWA	1.02e-5	0.00349	3.72	343	93	93	1023	1.28	35	37.63	179	17.5
274	db/CIS-BP_2.00/Homo_sapiens.meme	M07798_2.00	BHLHE40	GCACGTGMCN	3.78e-5	0.0037	3.94	98	93	93	1023	2.72	8	8.6	10	0.98
275	db/CIS-BP_2.00/Homo_sapiens.meme	M07718_2.00	ZNF682	VVCCCYCSMNGGCYMAGCCCC	5.91e-6	0.00386	4.11	654	93	93	1023	19.1	17	18.28	47	4.59
276	db/CIS-BP_2.00/Homo_sapiens.meme	M00241_2.00	KLF11	MCGCCCCC	7.42e-6	0.00388	4.13	524	93	93	1023	1.46	52	55.91	332	32.45
277	db/CIS-BP_2.00/Homo_sapiens.meme	M07724_2.00	ZNF695	TTCCTCY	4.61e-6	0.00421	4.48	916	93	93	1023	1.19	82	88.17	684	66.86
278	db/CIS-BP_2.00/Homo_sapiens.meme	M07709_2.00	ZKSCAN5	TCACCTCCY	7.24e-6	0.00426	4.53	589	93	93	1023	1.01	69	74.19	518	50.64
279	db/CIS-BP_2.00/Homo_sapiens.meme	M07977_2.00	HSF1	GTCSYGGGTTCGAWTCCC	4.31e-5	0.0046	4.89	107	93	93	1023	5.05	11	11.83	23	2.25
280	db/CIS-BP_2.00/Homo_sapiens.meme	M00968_2.00	MTF2	HMCCCGMCGGN	1.92e-5	0.00495	5.27	259	93	93	1023	1.72	26	27.96	113	11.05
281	db/CIS-BP_2.00/Homo_sapiens.meme	M07681_2.00	ZNF17	GRDBYDNNNSTGCMTGYTCHKGHNMRNVNN	8.8e-6	0.00496	5.28	565	93	93	1023	1.03	66	70.97	485	47.41
282	db/CIS-BP_2.00/Homo_sapiens.meme	M04106_2.00	BHLHE41	GTCACGTGAC	9.78e-5	0.00517	5.51	53	93	93	1023	1.08	12	12.9	31	3.03
283	db/CIS-BP_2.00/Homo_sapiens.meme	M07639_2.00	ZNF417	BTGGCGCCCAAYVTGGGGCNH	1.54e-5	0.00528	5.62	343	93	93	1023	1.02	47	50.54	291	28.45
284	db/CIS-BP_2.00/Homo_sapiens.meme	M03315_2.00	POU3F1	WTATGCWAATKW	1.23e-5	0.00529	5.63	431	93	93	1023	1.28	46	49.46	279	27.27
285	db/CIS-BP_2.00/Homo_sapiens.meme	M08116_2.00	FOXP2	RWGTAAACAVR	1.13e-5	0.0055	5.85	488	93	93	1023	1.65	40	43.01	223	21.8
286	db/CIS-BP_2.00/Homo_sapiens.meme	M03005_2.00	SPIC	HAAAAGVGGAAGTA	1.17e-5	0.00556	5.92	478	93	93	1023	1.32	45	48.39	269	26.3
287	db/CIS-BP_2.00/Homo_sapiens.meme	M04813_2.00	FOXO3	HTCCCCACACV	1.09e-5	0.00559	5.95	513	93	93	1023	1.21	55	59.14	367	35.87
288	db/CIS-BP_2.00/Homo_sapiens.meme	M07753_2.00	ZNF805	KGYDTTCCTTGGYTTGTG	1.23e-5	0.00568	6.05	463	93	93	1023	1.43	46	49.46	279	27.27
289	db/CIS-BP_2.00/Homo_sapiens.meme	M04139_2.00	HES6	RACACGTGCC	5.21e-5	0.00587	6.26	113	93	93	1023	1.05	20	21.51	77	7.53
290	db/CIS-BP_2.00/Homo_sapiens.meme	M07930_2.00	CTCFL	RGCGCCCCCTGSYGG	1.57e-5	0.00673	7.17	431	93	93	1023	4.36	27	29.03	119	11.63
291	db/CIS-BP_2.00/Homo_sapiens.meme	M07781_2.00	ZNF8	RYGTACCACAKT	9.28e-5	0.00703	7.48	76	93	93	1023	1.22	14	15.05	42	4.11
292	db/CIS-BP_2.00/Homo_sapiens.meme	M08060_2.00	(MYF5)_(Mus_musculus)_(DBD_0.90)	NRNRRCAGCTGSN	1.03e-5	0.00704	7.5	689	93	93	1023	2.52	42	45.16	240	23.46
293	db/CIS-BP_2.00/Homo_sapiens.meme	M04074_2.00	TCFL5	KCACGCGCMC	6.94e-5	0.00706	7.52	102	93	93	1023	1.08	19	20.43	72	7.04
294	db/CIS-BP_2.00/Homo_sapiens.meme	M08345_2.00	GLIS1	CNCYSYRGGRGGYC	1.28e-5	0.00913	9.72	714	93	93	1023	4.29	37	39.78	198	19.35
# AME (Analysis of Motif Enrichment): Version 5.4.1 compiled on Aug 25 2021 at 17:36:32					NA	NA	NA	NA	NA	NA	NA	NA	NA	NA	NA	NA
# The format of this file is described at https://meme-suite.org/meme/doc/ame-output-format.html.					NA	NA	NA	NA	NA	NA	NA	NA	NA	NA	NA	NA
# ame --verbose 1 --oc . --scoring avg --method fisher --hit-lo-fraction 0.25 --evalue-report-threshold 10.0 --control --shuffle-- --kmer 2 GSE56026_STAT1_human_KD_Up_GeneNames.fasta db/CIS-BP_2.00/Homo_sapiens.meme					NA	NA	NA	NA	NA	NA	NA	NA	NA	NA	NA	NA
