"","TF_Name","MORA","HOMER","AME","PSCAN","BART2","LISA2","Num_Yes","Conf_lvl_ranks"
"1","IRF1",1,1,1,1,1,1,6,1
"2","BCL6",1,1,0,1,1,1,5,2
"3","IRF2",1,1,1,1,0,1,5,2
"4","IRF4",1,0,1,1,1,1,5,2
"5","JUN",1,1,0,1,1,1,5,2
"6","JUND",1,1,0,1,1,1,5,2
"7","NFKB1",1,1,0,1,1,1,5,2
"8","RELA",1,1,0,1,1,1,5,2
"9","RUNX1",1,1,1,0,1,1,5,2
"10","SPI1",0,1,1,1,1,1,5,2
"11","STAT3",1,1,0,1,1,1,5,2
"12","TFAP2A",1,1,0,1,1,1,5,2
"13","ZNF467",1,1,1,0,1,1,5,2
"14","ATF2",1,1,0,0,1,1,4,3
"15","ATF3",1,0,1,0,1,1,4,3
"16","CTCF",1,1,0,0,1,1,4,3
"17","CTCFL",1,1,1,1,0,0,4,3
"18","EGR3",0,0,1,1,1,1,4,3
"19","FOS",1,0,0,1,1,1,4,3
"20","FOXA2",0,1,1,0,1,1,4,3
"21","GATA1",1,1,0,0,1,1,4,3
"22","GATA3",1,1,0,0,1,1,4,3
"23","HOXB13",1,1,0,0,1,1,4,3
"24","HSF1",1,1,1,0,0,1,4,3
"25","IKZF1",1,0,0,1,1,1,4,3
"26","IRF8",1,1,1,1,0,0,4,3
"27","IRF9",1,0,1,1,0,1,4,3
"28","JUNB",0,0,1,1,1,1,4,3
"29","LHX2",0,1,0,1,1,1,4,3
"30","MEF2A",1,0,1,0,1,1,4,3
"31","PAX3",1,0,0,1,1,1,4,3
"32","POU5F1",1,1,0,0,1,1,4,3
"33","PRDM1",1,0,1,0,1,1,4,3
"34","STAT1",1,0,0,1,1,1,4,3
"35","STAT2",1,0,1,1,0,1,4,3
"36","STAT5A",1,0,0,1,1,1,4,3
"37","STAT5B",1,0,0,1,1,1,4,3
"38","TCF12",0,0,1,1,1,1,4,3
"39","TCF4",0,0,1,1,1,1,4,3
"40","TCF7L1",1,0,0,1,1,1,4,3
"41","TEAD1",0,1,0,1,1,1,4,3
"42","TEAD4",0,1,0,1,1,1,4,3
"43","TFAP2C",1,1,0,1,1,0,4,3
"44","ZNF263",1,0,1,0,1,1,4,3
"45","ASCL1",0,0,1,1,1,0,3,4
"46","ATF4",1,1,0,0,0,1,3,4
"47","BACH2",0,0,0,1,1,1,3,4
"48","BATF",0,0,0,1,1,1,3,4
"49","BATF3",1,0,0,1,1,0,3,4
"50","BCL11A",0,0,1,0,1,1,3,4
"51","CDX2",0,1,0,0,1,1,3,4
"52","CEBPA",0,0,0,1,1,1,3,4
"53","CEBPB",0,0,0,1,1,1,3,4
"54","E2F1",1,0,1,0,0,1,3,4
"55","E2F6",1,1,1,0,0,0,3,4
"56","EBF1",0,1,0,0,1,1,3,4
"57","ELF1",1,0,1,0,0,1,3,4
"58","ERG",1,0,0,0,1,1,3,4
"59","FLI1",0,0,1,0,1,1,3,4
"60","FOSB",1,0,1,1,0,0,3,4
"61","FOSL1",1,0,0,1,1,0,3,4
"62","FOSL2",0,0,0,1,1,1,3,4
"63","FOXH1",1,1,0,0,1,0,3,4
"64","FOXO1",0,0,1,0,1,1,3,4
"65","GATA4",0,1,0,0,1,1,3,4
"66","GATA6",1,0,0,0,1,1,3,4
"67","GLIS1",1,0,1,0,1,0,3,4
"68","HES2",0,0,1,0,1,1,3,4
"69","IRF5",1,0,1,1,0,0,3,4
"70","IRF7",1,0,1,1,0,0,3,4
"71","KLF1",0,0,1,1,0,1,3,4
"72","KLF12",1,0,1,1,0,0,3,4
"73","KLF5",0,0,1,1,0,1,3,4
"74","MAF",0,0,0,1,1,1,3,4
"75","MAFK",1,0,0,0,1,1,3,4
"76","MAX",0,0,1,0,1,1,3,4
"77","MAZ",0,0,1,1,1,0,3,4
"78","MEF2B",1,0,0,0,1,1,3,4
"79","MYF5",0,0,1,1,1,0,3,4
"80","MYOG",0,0,0,1,1,1,3,4
"81","NFATC1",0,1,0,1,0,1,3,4
"82","NFIC",0,0,0,1,1,1,3,4
"83","NFKB2",1,0,0,1,1,0,3,4
"84","NR2C2",1,1,0,1,0,0,3,4
"85","OTX2",0,1,0,0,1,1,3,4
"86","PAX6",1,0,0,0,1,1,3,4
"87","PHOX2A",1,1,0,1,0,0,3,4
"88","POU2F2",1,0,0,0,1,1,3,4
"89","RARA",0,1,1,0,0,1,3,4
"90","RXRG",1,0,0,0,1,1,3,4
"91","SIX2",0,0,0,1,1,1,3,4
"92","SMAD3",0,0,0,1,1,1,3,4
"93","SNAI2",0,0,1,0,1,1,3,4
"94","SOX2",0,1,0,0,1,1,3,4
"95","SP1",0,0,1,1,0,1,3,4
"96","SPIB",1,0,0,0,1,1,3,4
"97","SRF",1,1,0,0,1,0,3,4
"98","STAT4",1,0,0,1,1,0,3,4
"99","TBP",0,0,1,1,0,1,3,4
"100","TBX21",0,1,0,0,1,1,3,4
"101","TFAP4",0,1,0,1,0,1,3,4
"102","TLX1",0,0,0,1,1,1,3,4
"103","TP53",1,0,0,0,1,1,3,4
"104","TP73",0,0,1,0,1,1,3,4
"105","VSX2",1,0,1,1,0,0,3,4
"106","ZBTB6",0,0,1,0,1,1,3,4
"107","ZIM3",1,0,0,0,1,1,3,4
"108","ZNF100",1,0,1,0,1,0,3,4
"109","ZNF189",1,1,1,0,0,0,3,4
"110","ZNF317",0,0,0,1,1,1,3,4
"111","ZNF382",1,1,0,0,1,0,3,4
"112","ZNF384",0,0,1,0,1,1,3,4
"113","ZNF418",1,0,1,0,0,1,3,4
"114","AR",1,0,0,0,0,1,2,5
"115","ARGFX",1,0,0,1,0,0,2,5
"116","ASCL2",0,0,1,1,0,0,2,5
"117","ATF7",1,1,0,0,0,0,2,5
"118","ATOH1",1,1,0,0,0,0,2,5
"119","BHLHA15",1,0,0,1,0,0,2,5
"120","BHLHE22",1,0,0,1,0,0,2,5
"121","CEBPG",0,0,0,1,0,1,2,5
"122","CREB1",0,0,1,0,0,1,2,5
"123","CUX1",0,0,0,1,0,1,2,5
"124","DLX5",1,0,0,1,0,0,2,5
"125","DRGX",1,0,0,1,0,0,2,5
"126","E2F5",1,0,1,0,0,0,2,5
"127","E2F7",0,0,0,0,1,1,2,5
"128","EGR1",0,0,1,1,0,0,2,5
"129","EGR2",0,0,1,0,0,1,2,5
"130","EGR4",0,0,1,1,0,0,2,5
"131","EHF",1,0,0,0,1,0,2,5
"132","ELF3",0,0,0,0,1,1,2,5
"133","EOMES",0,0,0,0,1,1,2,5
"134","EPAS1",0,0,0,0,1,1,2,5
"135","ETV6",0,0,0,0,1,1,2,5
"136","FOXB1",1,0,1,0,0,0,2,5
"137","FOXC1",1,0,1,0,0,0,2,5
"138","FOXD2",1,0,1,0,0,0,2,5
"139","FOXE1",0,0,1,1,0,0,2,5
"140","FOXP1",0,0,0,0,1,1,2,5
"141","FOXP2",0,0,1,1,0,0,2,5
"142","FOXQ1",1,0,1,0,0,0,2,5
"143","FOXR2",1,0,1,0,0,0,2,5
"144","GATA2",0,0,0,0,1,1,2,5
"145","GSC",0,0,1,1,0,0,2,5
"146","HAND2",0,0,1,0,1,0,2,5
"147","HMG20A",0,0,0,0,1,1,2,5
"148","HNF1B",1,0,0,0,1,0,2,5
"149","HNF4A",0,1,0,0,0,1,2,5
"150","HOXA9",0,0,0,0,1,1,2,5
"151","HOXC11",1,0,0,0,0,1,2,5
"152","HOXC9",1,0,0,0,1,0,2,5
"153","HOXD9",1,0,1,0,0,0,2,5
"154","IRF3",1,0,0,1,0,0,2,5
"155","IRF6",1,0,0,1,0,0,2,5
"156","ISX",1,0,0,1,0,0,2,5
"157","JDP2",1,0,0,1,0,0,2,5
"158","KLF11",0,0,1,0,0,1,2,5
"159","KLF13",0,0,1,1,0,0,2,5
"160","KLF14",0,0,1,1,0,0,2,5
"161","KLF15",0,0,1,1,0,0,2,5
"162","KLF16",0,0,1,1,0,0,2,5
"163","KLF17",1,0,1,0,0,0,2,5
"164","KLF2",0,0,1,1,0,0,2,5
"165","KLF3",1,0,1,0,0,0,2,5
"166","KLF4",0,0,1,1,0,0,2,5
"167","KLF6",0,0,1,1,0,0,2,5
"168","KLF8",1,0,1,0,0,0,2,5
"169","KLF9",0,0,1,1,0,0,2,5
"170","KMT2A",0,0,0,0,1,1,2,5
"171","LMX1A",1,0,0,1,0,0,2,5
"172","LMX1B",1,0,0,1,0,0,2,5
"173","LYL1",0,0,0,0,1,1,2,5
"174","MEF2C",0,0,1,0,1,0,2,5
"175","MEF2D",0,1,1,0,0,0,2,5
"176","MEIS1",0,0,0,0,1,1,2,5
"177","MIXL1",1,0,0,1,0,0,2,5
"178","MYB",0,0,0,0,1,1,2,5
"179","MYNN",1,0,1,0,0,0,2,5
"180","MYOD1",0,0,0,0,1,1,2,5
"181","NANOG",0,0,0,0,1,1,2,5
"182","NEUROD1",0,1,0,0,1,0,2,5
"183","NEUROG2",0,0,0,0,1,1,2,5
"184","NFAT5",1,0,0,1,0,0,2,5
"185","NFE2",1,0,0,0,0,1,2,5
"186","NFE2L1",1,0,0,0,0,1,2,5
"187","NFIA",0,1,0,0,0,1,2,5
"188","NFYA",1,1,0,0,0,0,2,5
"189","NHLH1",0,0,1,1,0,0,2,5
"190","NKX2-1",0,0,0,0,1,1,2,5
"191","NR2F2",0,0,0,0,1,1,2,5
"192","NR3C1",0,0,0,0,1,1,2,5
"193","NR4A1",1,0,0,0,0,1,2,5
"194","NR4A2",1,0,0,0,0,1,2,5
"195","ONECUT2",1,0,0,1,0,0,2,5
"196","OSR2",0,0,1,0,1,0,2,5
"197","PATZ1",1,0,1,0,0,0,2,5
"198","PAX5",0,0,0,0,1,1,2,5
"199","PAX7",1,0,0,1,0,0,2,5
"200","PBX3",0,0,0,0,1,1,2,5
"201","PGR",0,0,0,0,1,1,2,5
"202","PHOX2B",1,0,0,0,1,0,2,5
"203","PITX3",0,0,1,0,1,0,2,5
"204","POU3F1",1,0,1,0,0,0,2,5
"205","POU3F2",1,1,0,0,0,0,2,5
"206","POU3F3",0,1,1,0,0,0,2,5
"207","POU6F1",1,0,0,1,0,0,2,5
"208","PPARG",0,0,0,0,1,1,2,5
"209","PRDM14",1,0,0,0,1,0,2,5
"210","PRDM6",0,0,1,0,0,1,2,5
"211","PROX1",0,0,0,0,1,1,2,5
"212","PRRX2",1,0,0,1,0,0,2,5
"213","PTF1A",1,0,0,1,0,0,2,5
"214","RELB",0,0,0,0,1,1,2,5
"215","RUNX3",0,0,0,0,1,1,2,5
"216","RXRA",0,0,0,0,1,1,2,5
"217","SMAD4",0,0,0,0,1,1,2,5
"218","SNAI1",0,0,1,1,0,0,2,5
"219","SNAI3",0,0,1,1,0,0,2,5
"220","SOX11",0,0,0,1,1,0,2,5
"221","SP140",0,0,0,0,1,1,2,5
"222","SP3",0,0,1,1,0,0,2,5
"223","SP4",0,0,1,1,0,0,2,5
"224","SP7",0,0,1,0,1,0,2,5
"225","SP8",0,0,1,1,0,0,2,5
"226","SP9",0,0,1,1,0,0,2,5
"227","T",0,1,0,0,0,1,2,5
"228","TAL1",0,0,0,0,1,1,2,5
"229","TBX5",0,0,1,0,1,0,2,5
"230","TCF21",0,0,0,0,1,1,2,5
"231","TCF3",1,0,1,0,0,0,2,5
"232","TCF7L2",0,0,0,0,1,1,2,5
"233","TCFL5",0,0,1,1,0,0,2,5
"234","TERF2",0,0,0,0,1,1,2,5
"235","TFAP2B",1,0,0,1,0,0,2,5
"236","TP63",0,0,0,0,1,1,2,5
"237","VDR",0,0,0,0,1,1,2,5
"238","WT1",0,0,0,1,1,0,2,5
"239","ZBTB12",0,0,0,1,0,1,2,5
"240","ZBTB14",0,0,1,1,0,0,2,5
"241","ZBTB42",0,0,1,0,1,0,2,5
"242","ZBTB7A",1,0,1,0,0,0,2,5
"243","ZEB1",0,0,1,0,0,1,2,5
"244","ZIC1",0,1,0,1,0,0,2,5
"245","ZNF17",0,0,1,0,0,1,2,5
"246","ZNF175",0,0,1,0,0,1,2,5
"247","ZNF180",1,0,1,0,0,0,2,5
"248","ZNF182",0,0,1,0,1,0,2,5
"249","ZNF22",0,0,1,0,1,0,2,5
"250","ZNF224",0,0,1,0,0,1,2,5
"251","ZNF267",1,0,1,0,0,0,2,5
"252","ZNF273",1,0,0,0,1,0,2,5
"253","ZNF28",1,0,0,0,1,0,2,5
"254","ZNF282",1,0,0,0,1,0,2,5
"255","ZNF311",1,0,1,0,0,0,2,5
"256","ZNF320",1,0,0,0,1,0,2,5
"257","ZNF33A",1,0,1,0,0,0,2,5
"258","ZNF341",0,0,1,0,1,0,2,5
"259","ZNF35",0,0,1,0,1,0,2,5
"260","ZNF41",1,0,0,0,0,1,2,5
"261","ZNF415",0,1,1,0,0,0,2,5
"262","ZNF429",0,0,1,0,0,1,2,5
"263","ZNF44",1,0,1,0,0,0,2,5
"264","ZNF468",0,0,1,0,1,0,2,5
"265","ZNF519",0,0,1,0,1,0,2,5
"266","ZNF524",1,0,1,0,0,0,2,5
"267","ZNF529",1,0,1,0,0,0,2,5
"268","ZNF534",1,0,0,0,1,0,2,5
"269","ZNF548",1,0,1,0,0,0,2,5
"270","ZNF554",0,0,1,0,1,0,2,5
"271","ZNF597",0,0,0,0,1,1,2,5
"272","ZNF615",1,0,0,0,0,1,2,5
"273","ZNF675",1,0,1,0,0,0,2,5
"274","ZNF71",1,0,1,0,0,0,2,5
"275","ZNF768",1,0,1,0,0,0,2,5
"276","ZNF770",0,0,1,0,1,0,2,5
"277","ZNF783",0,0,1,0,1,0,2,5
"278","ZNF792",0,0,1,0,0,1,2,5
"279","ZNF808",1,0,0,0,1,0,2,5
"280","ZNF816",1,0,1,0,0,0,2,5
"281","ZNF85",1,0,1,0,0,0,2,5
"282","ZNF93",1,0,1,0,0,0,2,5
"283","ZSCAN22",1,0,1,0,0,0,2,5
"284","A1JVI6_MOUSE",1,0,0,0,0,0,1,6
"285","ALX1",0,0,0,1,0,0,1,6
"286","ALX4",0,0,0,1,0,0,1,6
"287","ARID3A",0,0,0,1,0,0,1,6
"288","ARID3B",0,0,1,0,0,0,1,6
"289","ARID5A",0,0,1,0,0,0,1,6
"290","ARNT2",0,0,1,0,0,0,1,6
"291","ARNTL",0,0,1,0,0,0,1,6
"292","ARX",0,0,0,1,0,0,1,6
"293","ATF6",1,0,0,0,0,0,1,6
"294","BARX1",1,0,0,0,0,0,1,6
"295","BARX2",0,0,1,0,0,0,1,6
"296","BBX",1,0,0,0,0,0,1,6
"297","BHLHE40",0,0,1,0,0,0,1,6
"298","BHLHE41",0,0,1,0,0,0,1,6
"299","BORCS8-MEF2B",0,0,1,0,0,0,1,6
"300","BSX",0,0,0,1,0,0,1,6
"301","CDX1",1,0,0,0,0,0,1,6
"302","CDX4",1,0,0,0,0,0,1,6
"303","CEBPD",0,0,0,1,0,0,1,6
"304","CEBPE",0,0,0,1,0,0,1,6
"305","CENPB",1,0,0,0,0,0,1,6
"306","CLOCK",0,0,1,0,0,0,1,6
"307","CPEB1",0,0,1,0,0,0,1,6
"308","CREB3",1,0,0,0,0,0,1,6
"309","CREB3L4",1,0,0,0,0,0,1,6
"310","CREB5",1,0,0,0,0,0,1,6
"311","CREBZF",1,0,0,0,0,0,1,6
"312","CRX",1,0,0,0,0,0,1,6
"313","CUX2",0,0,0,1,0,0,1,6
"314","DBX1",0,0,1,0,0,0,1,6
"315","DDIT3",1,0,0,0,0,0,1,6
"316","DLX1",1,0,0,0,0,0,1,6
"317","DLX2",1,0,0,0,0,0,1,6
"318","DLX3",1,0,0,0,0,0,1,6
"319","DLX4",1,0,0,0,0,0,1,6
"320","DMBX1",0,0,1,0,0,0,1,6
"321","DMRT2",0,0,1,0,0,0,1,6
"322","DMRTC2",1,0,0,0,0,0,1,6
"323","DNMT1",0,0,0,0,0,1,1,6
"324","DPRX",1,0,0,0,0,0,1,6
"325","DUX4",0,0,0,0,1,0,1,6
"326","DUXA",1,0,0,0,0,0,1,6
"327","E2F4",0,0,1,0,0,0,1,6
"328","E2F8",1,0,0,0,0,0,1,6
"329","ELF2",1,0,0,0,0,0,1,6
"330","ELF5",0,0,0,1,0,0,1,6
"331","ELK4",0,1,0,0,0,0,1,6
"332","EMX2",0,0,0,1,0,0,1,6
"333","EN2",1,0,0,0,0,0,1,6
"334","ERF",1,0,0,0,0,0,1,6
"335","ESR1",0,0,0,0,0,1,1,6
"336","ESRRB",1,0,0,0,0,0,1,6
"337","ESX1",1,0,0,0,0,0,1,6
"338","ETS1",0,0,0,0,0,1,1,6
"339","ETV4",0,0,0,0,0,1,1,6
"340","ETV5",0,0,0,0,0,1,1,6
"341","FEZF1",0,0,0,0,1,0,1,6
"342","FIGLA",0,0,1,0,0,0,1,6
"343","FOXA1",0,0,0,0,0,1,1,6
"344","FOXB2",0,0,1,0,0,0,1,6
"345","FOXC2",0,0,1,0,0,0,1,6
"346","FOXF2",1,0,0,0,0,0,1,6
"347","FOXG1",1,0,0,0,0,0,1,6
"348","FOXI1",1,0,0,0,0,0,1,6
"349","FOXJ1",0,0,1,0,0,0,1,6
"350","FOXJ2",0,0,1,0,0,0,1,6
"351","FOXJ3",0,0,0,1,0,0,1,6
"352","FOXL1",0,0,1,0,0,0,1,6
"353","FOXL2",0,0,1,0,0,0,1,6
"354","FOXM1",0,0,0,0,0,1,1,6
"355","FOXO3",0,0,1,0,0,0,1,6
"356","FOXO6",1,0,0,0,0,0,1,6
"357","FOXS1",0,0,1,0,0,0,1,6
"358","GABPA",0,0,0,0,0,1,1,6
"359","GBX1",1,0,0,0,0,0,1,6
"360","GBX2",1,0,0,0,0,0,1,6
"361","GLI2",0,0,0,0,0,1,1,6
"362","GLI3",1,0,0,0,0,0,1,6
"363","GRHL2",0,0,0,0,0,1,1,6
"364","GSC2",0,0,0,1,0,0,1,6
"365","HES1",0,0,1,0,0,0,1,6
"366","HES5",0,0,1,0,0,0,1,6
"367","HES6",0,0,1,0,0,0,1,6
"368","HES7",0,0,1,0,0,0,1,6
"369","HEY1",0,0,1,0,0,0,1,6
"370","HEY2",0,0,1,0,0,0,1,6
"371","HEYL",0,0,1,0,0,0,1,6
"372","HINFP",0,0,1,0,0,0,1,6
"373","HKR1",0,0,1,0,0,0,1,6
"374","HMG20B",0,0,1,0,0,0,1,6
"375","HNF1A",0,0,0,0,1,0,1,6
"376","HNF4G",1,0,0,0,0,0,1,6
"377","HOXA11",1,0,0,0,0,0,1,6
"378","HOXA13",1,0,0,0,0,0,1,6
"379","HOXB8",1,0,0,0,0,0,1,6
"380","HOXB9",1,0,0,0,0,0,1,6
"381","HOXC10",1,0,0,0,0,0,1,6
"382","HOXC12",0,0,1,0,0,0,1,6
"383","HOXC13",1,0,0,0,0,0,1,6
"384","HOXC6",1,0,0,0,0,0,1,6
"385","HOXD10",1,0,0,0,0,0,1,6
"386","HOXD11",1,0,0,0,0,0,1,6
"387","HOXD13",1,0,0,0,0,0,1,6
"388","HOXD3",1,0,0,0,0,0,1,6
"389","HSF4",1,0,0,0,0,0,1,6
"390","IRX1",0,0,1,0,0,0,1,6
"391","IRX6",0,0,1,0,0,0,1,6
"392","KLF10",0,0,1,0,0,0,1,6
"393","KLF7",0,0,1,0,0,0,1,6
"394","LBX2",1,0,0,0,0,0,1,6
"395","LEF1",0,0,0,1,0,0,1,6
"396","LHX1",0,1,0,0,0,0,1,6
"397","LHX3",0,1,0,0,0,0,1,6
"398","LHX4",0,0,0,1,0,0,1,6
"399","LHX5",1,0,0,0,0,0,1,6
"400","LHX6",0,0,0,1,0,0,1,6
"401","LHX8",1,0,0,0,0,0,1,6
"402","LHX9",1,0,0,0,0,0,1,6
"403","MAFA",1,0,0,0,0,0,1,6
"404","MAFB",0,0,0,0,0,1,1,6
"405","MAFG",1,0,0,0,0,0,1,6
"406","MECOM",1,0,0,0,0,0,1,6
"407","MEOX2",1,0,0,0,0,0,1,6
"408","MESP1",0,0,1,0,0,0,1,6
"409","MESP2",1,0,0,0,0,0,1,6
"410","MGA",0,0,1,0,0,0,1,6
"411","MITF",0,0,0,0,1,0,1,6
"412","MLXIP",0,0,1,0,0,0,1,6
"413","MNT",0,0,1,0,0,0,1,6
"414","MSC",1,0,0,0,0,0,1,6
"415","MSX2",1,0,0,0,0,0,1,6
"416","MSX3",0,0,0,1,0,0,1,6
"417","MTF2",0,0,1,0,0,0,1,6
"418","MXI1",0,0,1,0,0,0,1,6
"419","MYC",0,0,0,0,0,1,1,6
"420","MYCN",0,0,0,1,0,0,1,6
"421","NEUROG1",1,0,0,0,0,0,1,6
"422","NFATC2",0,0,0,1,0,0,1,6
"423","NFE2L2",1,0,0,0,0,0,1,6
"424","NFIB",1,0,0,0,0,0,1,6
"425","NFIL3",1,0,0,0,0,0,1,6
"426","NFIX",1,0,0,0,0,0,1,6
"427","NFYB",1,0,0,0,0,0,1,6
"428","NFYC",1,0,0,0,0,0,1,6
"429","NKX2-5",1,0,0,0,0,0,1,6
"430","NR1D2",1,0,0,0,0,0,1,6
"431","NR1H3",0,0,0,0,0,1,1,6
"432","NR1I3",1,0,0,0,0,0,1,6
"433","NR2E1",0,0,1,0,0,0,1,6
"434","NR2F1",0,0,0,0,1,0,1,6
"435","NR6A1",0,0,0,1,0,0,1,6
"436","NRF1",0,0,1,0,0,0,1,6
"437","NRL",1,0,0,0,0,0,1,6
"438","OLIG2",0,1,0,0,0,0,1,6
"439","OLIG3",1,0,0,0,0,0,1,6
"440","ONECUT1",1,0,0,0,0,0,1,6
"441","OSR1",1,0,0,0,0,0,1,6
"442","OTX1",0,0,1,0,0,0,1,6
"443","OVOL1",1,0,0,0,0,0,1,6
"444","OVOL2",1,0,0,0,0,0,1,6
"445","PAX1",0,0,0,1,0,0,1,6
"446","PAX2",0,0,1,0,0,0,1,6
"447","PAX4",0,0,0,1,0,0,1,6
"448","PAX9",1,0,0,0,0,0,1,6
"449","PBX1",1,0,0,0,0,0,1,6
"450","PDX1",0,0,0,0,1,0,1,6
"451","PITX2",1,0,0,0,0,0,1,6
"452","PKNOX2",0,0,0,1,0,0,1,6
"453","PLAG1",0,0,0,1,0,0,1,6
"454","POU1F1",1,0,0,0,0,0,1,6
"455","POU2F1",1,0,0,0,0,0,1,6
"456","POU4F1",0,0,1,0,0,0,1,6
"457","POU4F3",1,0,0,0,0,0,1,6
"458","POU6F2",1,0,0,0,0,0,1,6
"459","PPARD",0,0,0,0,0,1,1,6
"460","PRDM4",0,0,0,1,0,0,1,6
"461","PRDM9",0,0,1,0,0,0,1,6
"462","PROP1",1,0,0,0,0,0,1,6
"463","RARB",0,0,1,0,0,0,1,6
"464","RAX2",0,0,0,1,0,0,1,6
"465","RBAK",0,0,1,0,0,0,1,6
"466","RBPJ",0,0,0,0,0,1,1,6
"467","REL",0,0,0,1,0,0,1,6
"468","REST",0,0,0,0,1,0,1,6
"469","RHOXF2",0,0,1,0,0,0,1,6
"470","RORA",1,0,0,0,0,0,1,6
"471","RORC",1,0,0,0,0,0,1,6
"472","RREB1",0,0,1,0,0,0,1,6
"473","RUNX2",0,1,0,0,0,0,1,6
"474","RXRB",1,0,0,0,0,0,1,6
"475","SCRT1",1,0,0,0,0,0,1,6
"476","SCRT2",0,0,0,0,0,1,1,6
"477","SHOX",0,0,0,1,0,0,1,6
"478","SHOX2",0,0,0,1,0,0,1,6
"479","SIX1",0,0,0,0,1,0,1,6
"480","SKOR1",1,0,0,0,0,0,1,6
"481","SKOR2",1,0,0,0,0,0,1,6
"482","SOX10",0,0,0,0,1,0,1,6
"483","SOX13",1,0,0,0,0,0,1,6
"484","SOX4",0,0,0,0,1,0,1,6
"485","SOX6",0,1,0,0,0,0,1,6
"486","SP5",0,0,1,0,0,0,1,6
"487","SPIC",0,0,1,0,0,0,1,6
"488","SREBF1",0,0,1,0,0,0,1,6
"489","SREBF2",0,0,1,0,0,0,1,6
"490","STAT6",0,0,0,0,0,1,1,6
"491","TAF1",0,0,0,0,0,1,1,6
"492","TBX1",0,0,1,0,0,0,1,6
"493","TBX18",0,0,1,0,0,0,1,6
"494","TBX2",0,0,1,0,0,0,1,6
"495","TBX3",0,0,1,0,0,0,1,6
"496","TBX4",0,0,1,0,0,0,1,6
"497","TBX6",0,0,1,0,0,0,1,6
"498","TCF7",0,0,0,0,0,1,1,6
"499","TEAD2",0,0,0,1,0,0,1,6
"500","TEAD3",0,0,0,1,0,0,1,6
"501","TFAP2E",0,0,0,1,0,0,1,6
"502","TFE3",0,0,1,0,0,0,1,6
"503","TFEB",1,0,0,0,0,0,1,6
"504","TGIF1",0,0,0,1,0,0,1,6
"505","TGIF2",0,0,0,1,0,0,1,6
"506","TGIF2LX",0,0,0,1,0,0,1,6
"507","TGIF2LY",0,0,0,1,0,0,1,6
"508","THRA",0,1,0,0,0,0,1,6
"509","THRB",0,0,0,1,0,0,1,6
"510","TLX2",0,0,0,1,0,0,1,6
"511","TLX3",1,0,0,0,0,0,1,6
"512","UNCX",0,0,0,1,0,0,1,6
"513","USF1",1,0,0,0,0,0,1,6
"514","USF2",0,0,1,0,0,0,1,6
"515","VENTX",0,0,0,1,0,0,1,6
"516","VSX1",0,0,0,1,0,0,1,6
"517","XBP1",1,0,0,0,0,0,1,6
"518","XPA",0,0,1,0,0,0,1,6
"519","YY1",0,0,0,0,0,1,1,6
"520","ZBED1",0,0,0,0,1,0,1,6
"521","ZBTB17",0,0,0,0,1,0,1,6
"522","ZBTB18",0,0,1,0,0,0,1,6
"523","ZBTB2",0,0,0,0,1,0,1,6
"524","ZBTB26",0,0,1,0,0,0,1,6
"525","ZBTB3",0,0,1,0,0,0,1,6
"526","ZBTB33",0,0,0,1,0,0,1,6
"527","ZBTB48",0,0,0,0,1,0,1,6
"528","ZFP1",1,0,0,0,0,0,1,6
"529","ZFP128",1,0,0,0,0,0,1,6
"530","ZFP14",0,0,1,0,0,0,1,6
"531","ZFP28",0,0,1,0,0,0,1,6
"532","ZFP42",1,0,0,0,0,0,1,6
"533","ZFP57",0,0,0,0,1,0,1,6
"534","ZFP64",0,0,1,0,0,0,1,6
"535","ZFP69B",0,0,1,0,0,0,1,6
"536","ZFX",0,0,1,0,0,0,1,6
"537","ZIC2",0,0,0,1,0,0,1,6
"538","ZIC4",1,0,0,0,0,0,1,6
"539","ZIM2",0,0,1,0,0,0,1,6
"540","ZKSCAN2",0,0,1,0,0,0,1,6
"541","ZKSCAN3",1,0,0,0,0,0,1,6
"542","ZKSCAN5",0,0,1,0,0,0,1,6
"543","ZNF10",0,0,1,0,0,0,1,6
"544","ZNF101",1,0,0,0,0,0,1,6
"545","ZNF12",0,0,1,0,0,0,1,6
"546","ZNF121",0,0,1,0,0,0,1,6
"547","ZNF132",0,0,1,0,0,0,1,6
"548","ZNF133",1,0,0,0,0,0,1,6
"549","ZNF135",0,0,1,0,0,0,1,6
"550","ZNF136",0,0,0,0,0,1,1,6
"551","ZNF140",0,0,1,0,0,0,1,6
"552","ZNF143",0,0,1,0,0,0,1,6
"553","ZNF146",0,0,1,0,0,0,1,6
"554","ZNF169",0,0,0,0,1,0,1,6
"555","ZNF18",0,0,1,0,0,0,1,6
"556","ZNF181",0,0,1,0,0,0,1,6
"557","ZNF19",0,0,1,0,0,0,1,6
"558","ZNF197",0,0,1,0,0,0,1,6
"559","ZNF2",0,0,0,0,1,0,1,6
"560","ZNF202",0,0,1,0,0,0,1,6
"561","ZNF205",0,0,0,0,0,1,1,6
"562","ZNF212",0,0,1,0,0,0,1,6
"563","ZNF213",0,0,1,0,0,0,1,6
"564","ZNF222",0,0,1,0,0,0,1,6
"565","ZNF225",0,0,1,0,0,0,1,6
"566","ZNF23",0,0,1,0,0,0,1,6
"567","ZNF235",0,0,1,0,0,0,1,6
"568","ZNF24",0,0,1,0,0,0,1,6
"569","ZNF248",0,0,0,0,0,1,1,6
"570","ZNF257",0,0,0,0,1,0,1,6
"571","ZNF260",0,0,1,0,0,0,1,6
"572","ZNF266",1,0,0,0,0,0,1,6
"573","ZNF281",0,0,1,0,0,0,1,6
"574","ZNF283",0,0,1,0,0,0,1,6
"575","ZNF284",0,0,1,0,0,0,1,6
"576","ZNF287",0,0,1,0,0,0,1,6
"577","ZNF3",0,0,1,0,0,0,1,6
"578","ZNF30",0,0,1,0,0,0,1,6
"579","ZNF300",0,0,1,0,0,0,1,6
"580","ZNF304",0,0,1,0,0,0,1,6
"581","ZNF32",1,0,0,0,0,0,1,6
"582","ZNF324",1,0,0,0,0,0,1,6
"583","ZNF331",1,0,0,0,0,0,1,6
"584","ZNF335",0,0,0,0,1,0,1,6
"585","ZNF33B",1,0,0,0,0,0,1,6
"586","ZNF34",0,0,1,0,0,0,1,6
"587","ZNF350",0,0,0,0,0,1,1,6
"588","ZNF354A",1,0,0,0,0,0,1,6
"589","ZNF354B",1,0,0,0,0,0,1,6
"590","ZNF354C",0,0,1,0,0,0,1,6
"591","ZNF37A",0,0,1,0,0,0,1,6
"592","ZNF383",0,0,1,0,0,0,1,6
"593","ZNF394",0,0,1,0,0,0,1,6
"594","ZNF398",0,0,1,0,0,0,1,6
"595","ZNF417",0,0,1,0,0,0,1,6
"596","ZNF425",0,0,0,0,1,0,1,6
"597","ZNF432",0,0,1,0,0,0,1,6
"598","ZNF441",0,0,1,0,0,0,1,6
"599","ZNF443",0,0,1,0,0,0,1,6
"600","ZNF444",0,0,1,0,0,0,1,6
"601","ZNF45",1,0,0,0,0,0,1,6
"602","ZNF454",0,0,1,0,0,0,1,6
"603","ZNF460",0,0,1,0,0,0,1,6
"604","ZNF479",0,0,0,0,1,0,1,6
"605","ZNF480",0,0,1,0,0,0,1,6
"606","ZNF483",1,0,0,0,0,0,1,6
"607","ZNF484",0,0,1,0,0,0,1,6
"608","ZNF486",0,0,0,0,0,1,1,6
"609","ZNF487",0,0,1,0,0,0,1,6
"610","ZNF492",0,0,1,0,0,0,1,6
"611","ZNF496",0,0,1,0,0,0,1,6
"612","ZNF513",0,0,1,0,0,0,1,6
"613","ZNF527",0,0,1,0,0,0,1,6
"614","ZNF530",0,0,1,0,0,0,1,6
"615","ZNF543",0,0,1,0,0,0,1,6
"616","ZNF547",1,0,0,0,0,0,1,6
"617","ZNF549",0,0,0,0,0,1,1,6
"618","ZNF557",0,0,1,0,0,0,1,6
"619","ZNF558",0,0,1,0,0,0,1,6
"620","ZNF561",1,0,0,0,0,0,1,6
"621","ZNF563",0,0,0,0,1,0,1,6
"622","ZNF566",0,0,1,0,0,0,1,6
"623","ZNF567",0,0,1,0,0,0,1,6
"624","ZNF570",0,0,1,0,0,0,1,6
"625","ZNF571",0,0,1,0,0,0,1,6
"626","ZNF573",1,0,0,0,0,0,1,6
"627","ZNF574",1,0,0,0,0,0,1,6
"628","ZNF580",0,0,1,0,0,0,1,6
"629","ZNF585A",0,0,1,0,0,0,1,6
"630","ZNF586",0,0,1,0,0,0,1,6
"631","ZNF587",1,0,0,0,0,0,1,6
"632","ZNF594",0,0,1,0,0,0,1,6
"633","ZNF596",0,0,1,0,0,0,1,6
"634","ZNF611",0,0,1,0,0,0,1,6
"635","ZNF613",0,0,1,0,0,0,1,6
"636","ZNF614",0,0,1,0,0,0,1,6
"637","ZNF616",0,0,1,0,0,0,1,6
"638","ZNF619",0,0,1,0,0,0,1,6
"639","ZNF626",1,0,0,0,0,0,1,6
"640","ZNF649",0,0,1,0,0,0,1,6
"641","ZNF662",0,0,1,0,0,0,1,6
"642","ZNF667",1,0,0,0,0,0,1,6
"643","ZNF669",1,0,0,0,0,0,1,6
"644","ZNF674",0,0,0,0,1,0,1,6
"645","ZNF677",0,0,1,0,0,0,1,6
"646","ZNF680",1,0,0,0,0,0,1,6
"647","ZNF681",0,0,1,0,0,0,1,6
"648","ZNF682",0,0,1,0,0,0,1,6
"649","ZNF684",1,0,0,0,0,0,1,6
"650","ZNF695",0,0,1,0,0,0,1,6
"651","ZNF704",1,0,0,0,0,0,1,6
"652","ZNF707",1,0,0,0,0,0,1,6
"653","ZNF711",0,1,0,0,0,0,1,6
"654","ZNF713",0,0,1,0,0,0,1,6
"655","ZNF714",0,0,0,0,0,1,1,6
"656","ZNF716",0,0,1,0,0,0,1,6
"657","ZNF74",0,0,1,0,0,0,1,6
"658","ZNF740",0,0,0,1,0,0,1,6
"659","ZNF75A",1,0,0,0,0,0,1,6
"660","ZNF75D",1,0,0,0,0,0,1,6
"661","ZNF765",0,0,1,0,0,0,1,6
"662","ZNF766",0,0,0,0,0,1,1,6
"663","ZNF774",0,0,1,0,0,0,1,6
"664","ZNF776",0,0,1,0,0,0,1,6
"665","ZNF777",0,0,0,0,0,1,1,6
"666","ZNF780A",0,0,1,0,0,0,1,6
"667","ZNF785",0,0,1,0,0,0,1,6
"668","ZNF786",0,0,1,0,0,0,1,6
"669","ZNF787",1,0,0,0,0,0,1,6
"670","ZNF789",0,0,1,0,0,0,1,6
"671","ZNF79",0,0,1,0,0,0,1,6
"672","ZNF793",1,0,0,0,0,0,1,6
"673","ZNF8",0,0,1,0,0,0,1,6
"674","ZNF805",0,0,1,0,0,0,1,6
"675","ZNF823",0,0,1,0,0,0,1,6
"676","ZNF84",0,0,1,0,0,0,1,6
"677","ZNF846",0,0,1,0,0,0,1,6
"678","ZNF860",0,0,1,0,0,0,1,6
"679","ZNF879",0,0,1,0,0,0,1,6
"680","ZNF880",0,0,1,0,0,0,1,6
"681","ZNF891",0,0,1,0,0,0,1,6
"682","ZNF90",0,0,1,0,0,0,1,6
"683","ZNF98",0,0,1,0,0,0,1,6
"684","ZSCAN1",0,0,1,0,0,0,1,6
"685","ZSCAN16",0,0,1,0,0,0,1,6
"686","ZSCAN29",0,0,0,0,0,1,1,6
"687","ZSCAN30",0,0,1,0,0,0,1,6
"688","ZSCAN5",1,0,0,0,0,0,1,6
